Workbook

Sheet Overall
A1: compound | B1: MOA | C1: num_concordant | D1: num_discordant | E1: ratio | F1: RMGI | G1: EFO27 | H1: RMUGS | I1: HA1E | J1: SNGM | K1: HEPG2 | L1: NPC | M1: SKB | N1: VCAP | O1: SKLU1 | P1: COV644 | Q1: HEC108 | R1: MCF7 | S1: A375 | T1: HCC515 | U1: MDAMB231 | V1: LNCAP | W1: BT20 | X1: MCF10A | Y1: HME1 | Z1: ASC | AA1: SKBR3 | AB1: HT29 | AC1: PC3 | AD1: HS578T | AE1: SW620 | AF1: SW480 | AG1: CORL23 | AH1: OV7 | AI1: THP1 | AJ1: A549 | AK1: HCT116 | AL1: LOVO | AM1: CD34 | AN1: NOMO1 | AO1: PHH | AP1: NPC.TAK | AQ1: HUVEC | AR1: HEK293T | AS1: RKO | AT1: PL21 | AU1: ASC.C | AV1: SKL | AW1: HELA | AX1: SW948 | AY1: SNU1040 | AZ1: TYKNU | BA1: NCIH1694 | BB1: AGS | BC1: HUH7 | BD1: DV90 | BE1: SKMEL1 | BF1: U937 | BG1: T3M10 | BH1: YAPC | BI1: NCIH2073 | BJ1: MDST8 | BK1: NKDBA | BL1: NEU | BM1: HL60 | BN1: SNUC4 | BO1: U266 | BP1: HUES3 | BQ1: SKL.C | BR1: HCC15 | BS1: A673 | BT1: WSUDLCL2 | BU1: SNUC5 | BV1: SKMEL28 | BW1: NCIH1836 | BX1: NPC.CAS9 | BY1: H1299 | BZ1: JHUEM2 | CA1: FIBRNPC | CB1: NCIH508 | CC1: NCIH596 | CD1: SKM1 | CE1: MNEU.E | CF1: JURKAT | CG1: HT115 | CH1: CL34 | CI1: HS27A
A2: Ursolic acid | B2: =VLOOKUP(A2,MOA!$C$2:$D$1253,2,FALSE) -> 11-beta hydroxysteroid dehydrogenase inhibitor|Acetylcholinesterase inhibitor|Caspase inhibitor|HIV protease inhibitor|Lipid peroxidase inhibitor|Quorum sensing signaling modulator|Steryl sulfatase inhibitor|Tyrosine phosphatase inhibitor|ATPase inhibitor|NFkB pathway inhibitor|STAT inhibitor | C2: 2 | D2: 4 | E2: 0.5 | F2: NA | G2: NA | H2: NA | I2: NA | J2: NA | K2: NA | L2: NA | M2: NA | N2: NA | O2: NA | P2: NA | Q2: NA | R2: -0.41715174 | S2: 0.37514809 | T2: NA | U2: NA | V2: NA | W2: NA | X2: NA | Y2: NA | Z2: NA | AA2: NA | AB2: NA | AC2: NA | AD2: NA | AE2: NA | AF2: NA | AG2: NA | AH2: NA | AI2: NA | AJ2: NA | AK2: NA | AL2: NA | AM2: NA | AN2: NA | AO2: NA | AP2: NA | AQ2: NA | AR2: NA | AS2: NA | AT2: -0.38896279 | AU2: NA | AV2: NA | AW2: NA | AX2: NA | AY2: NA | AZ2: NA | BA2: NA | BB2: NA | BC2: NA | BD2: NA | BE2: NA | BF2: NA | BG2: NA | BH2: -0.44153866 | BI2: NA | BJ2: NA | BK2: NA | BL2: NA | BM2: NA | BN2: NA | BO2: NA | BP2: NA | BQ2: NA | BR2: -0.59017186 | BS2: NA | BT2: NA | BU2: NA | BV2: NA | BW2: NA | BX2: NA | BY2: 0.39281064 | BZ2: NA | CA2: NA | CB2: NA | CC2: NA | CD2: NA | CE2: NA | CF2: NA | CG2: NA | CH2: NA | CI2: NA
A3: Chenodiol | B3: =VLOOKUP(A3,MOA!$C$2:$D$1253,2,FALSE) -> 11-beta-HSD1 inhibitor|FXR agonist | C3: 2 | D3: 1 | E3: 2 | F3: NA | G3: NA | H3: NA | I3: NA | J3: NA | K3: NA | L3: NA | M3: NA | N3: 0.40903044 | O3: NA | P3: NA | Q3: NA | R3: NA | S3: NA | T3: NA | U3: NA | V3: NA | W3: NA | X3: NA | Y3: NA | Z3: NA | AA3: NA | AB3: NA | AC3: NA | AD3: NA | AE3: NA | AF3: NA | AG3: NA | AH3: NA | AI3: NA | AJ3: 0.46323529 | AK3: NA | AL3: NA | AM3: NA | AN3: NA | AO3: NA | AP3: NA | AQ3: NA | AR3: NA | AS3: NA | AT3: NA | AU3: NA | AV3: NA | AW3: NA | AX3: NA | AY3: NA | AZ3: NA | BA3: NA | BB3: NA | BC3: NA | BD3: NA | BE3: NA | BF3: NA | BG3: NA | BH3: NA | BI3: NA | BJ3: NA | BK3: NA | BL3: -0.41197575 | BM3: NA | BN3: NA | BO3: NA | BP3: NA | BQ3: NA | BR3: NA | BS3: NA | BT3: NA | BU3: NA | BV3: NA | BW3: NA | BX3: NA | BY3: NA | BZ3: NA | CA3: NA | CB3: NA | CC3: NA | CD3: NA | CE3: NA | CF3: NA | CG3: NA | CH3: NA | CI3: NA
A4: Dolasetron | B4: =IFERROR(VLOOKUP(A4, [1]Overall!$A$2:$B$1442, 2, FALSE), IFERROR(VLOOKUP(A4, [1]Female!$A$2:$B$1276, 2, FALSE), IFERROR(VLOOKUP(A4, [1]Male!$A$2:$B$1529, 2, FALSE), "Not Found"))) -> 5-HT3 receptor antagonist | C4: 2 | D4: 1 | E4: 2 | F4: NA | G4: NA | H4: NA | I4: NA | J4: NA | K4: NA | L4: NA | M4: NA | N4: NA | O4: NA | P4: NA | Q4: NA | R4: NA | S4: NA | T4: NA | U4: NA | V4: NA | W4: NA | X4: NA | Y4: NA | Z4: NA | AA4: NA | AB4: NA | AC4: 0.52586095 | AD4: NA | AE4: NA | AF4: NA | AG4: NA | AH4: NA | AI4: NA | AJ4: NA | AK4: NA | AL4: NA | AM4: NA | AN4: NA | AO4: NA | AP4: NA | AQ4: NA | AR4: NA | AS4: NA | AT4: NA | AU4: NA | AV4: NA | AW4: 0.61162177 | AX4: NA | AY4: NA | AZ4: NA | BA4: NA | BB4: NA | BC4: NA | BD4: NA | BE4: NA | BF4: NA | BG4: NA | BH4: -0.38254244 | BI4: NA | BJ4: NA | BK4: NA | BL4: NA | BM4: NA | BN4: NA | BO4: NA | BP4: NA | BQ4: NA | BR4: NA | BS4: NA | BT4: NA | BU4: NA | BV4: NA | BW4: NA | BX4: NA | BY4: NA | BZ4: NA | CA4: NA | CB4: NA | CC4: NA | CD4: NA | CE4: NA | CF4: NA | CG4: NA | CH4: NA | CI4: NA
A5: Nilotinib | B5: =VLOOKUP(A5,MOA!$C$2:$D$1253,2,FALSE) -> Abl kinase inhibitor|Bcr-Abl kinase inhibitor | C5: 6 | D5: 4 | E5: 1.5 | F5: NA | G5: NA | H5: NA | I5: 0.60205356 | J5: NA | K5: 0.5930708 | L5: NA | M5: NA | N5: NA | O5: NA | P5: NA | Q5: NA | R5: 0.52009602 | S5: -0.43367323 | T5: 0.41538502 | U5: -0.53309512 | V5: NA | W5: 0.41931446 | X5: -0.40179761 | Y5: NA | Z5: NA | AA5: NA | AB5: 0.5704978 | AC5: NA | AD5: -0.45167339 | AE5: NA | AF5: NA | AG5: NA | AH5: NA | AI5: NA | AJ5: NA | AK5: NA | AL5: NA | AM5: NA | AN5: NA | AO5: NA | AP5: NA | AQ5: NA | AR5: NA | AS5: NA | AT5: NA | AU5: NA | AV5: NA | AW5: NA | AX5: NA | AY5: NA | AZ5: NA | BA5: NA | BB5: NA | BC5: NA | BD5: NA | BE5: NA | BF5: NA | BG5: NA | BH5: NA | BI5: NA | BJ5: NA | BK5: NA | BL5: NA | BM5: NA | BN5: NA | BO5: NA | BP5: NA | BQ5: NA | BR5: NA | BS5: NA | BT5: NA | BU5: NA | BV5: NA | BW5: NA | BX5: NA | BY5: NA | BZ5: NA | CA5: NA | CB5: NA | CC5: NA | CD5: NA | CE5: NA | CF5: NA | CG5: NA | CH5: NA | CI5: NA
A6: Bosutinib | B6: =VLOOKUP(A6,MOA!$C$2:$D$1253,2,FALSE) -> Abl kinase inhibitor|Bcr-Abl kinase inhibitor|Src inhibitor | C6: 9 | D6: 6 | E6: 1.5 | F6: NA | G6: NA | H6: NA | I6: 0.4585315 | J6: NA | K6: 0.34049906 | L6: NA | M6: NA | N6: 0.46719759 | O6: NA | P6: NA | Q6: NA | R6: 0.61069783 | S6: -0.34735482 | T6: -0.48763865 | U6: NA | V6: NA | W6: NA | X6: NA | Y6: NA | Z6: NA | AA6: NA | AB6: 0.65370649 | AC6: 0.61185156 | AD6: NA | AE6: NA | AF6: NA | AG6: NA | AH6: NA | AI6: NA | AJ6: NA | AK6: NA | AL6: NA | AM6: -0.49431266 | AN6: NA | AO6: NA | AP6: -0.39507729 | AQ6: -0.44253745 | AR6: NA | AS6: NA | AT6: NA | AU6: NA | AV6: NA | AW6: NA | AX6: NA | AY6: NA | AZ6: NA | BA6: NA | BB6: NA | BC6: NA | BD6: NA | BE6: NA | BF6: NA | BG6: NA | BH6: NA | BI6: NA | BJ6: NA | BK6: NA | BL6: 0.56784643 | BM6: NA | BN6: NA | BO6: NA | BP6: NA | BQ6: 0.46699363 | BR6: NA | BS6: NA | BT6: NA | BU6: NA | BV6: NA | BW6: NA | BX6: NA | BY6: NA | BZ6: NA | CA6: NA | CB6: NA | CC6: NA | CD6: NA | CE6: -0.45533879 | CF6: 0.41669696 | CG6: NA | CH6: NA | CI6: NA
A7: Avasimibe | B7: =IFERROR(VLOOKUP(A7, [1]Overall!$A$2:$B$1442, 2, FALSE), IFERROR(VLOOKUP(A7, [1]Female!$A$2:$B$1276, 2, FALSE), IFERROR(VLOOKUP(A7, [1]Male!$A$2:$B$1529, 2, FALSE), "Not Found"))) -> ACAT inhibitor, lowers cholesterol | C7: 0 | D7: 4 | E7: 0 | F7: NA | G7: NA | H7: NA | I7: NA | J7: NA | K7: NA | L7: NA | M7: NA | N7: NA | O7: NA | P7: NA | Q7: NA | R7: NA | S7: NA | T7: NA | U7: NA | V7: NA | W7: NA | X7: NA | Y7: NA | Z7: NA | AA7: NA | AB7: -0.42452364 | AC7: -0.46861314 | AD7: NA | AE7: NA | AF7: NA | AG7: NA | AH7: NA | AI7: NA | AJ7: NA | AK7: NA | AL7: NA | AM7: NA | AN7: NA | AO7: NA | AP7: NA | AQ7: NA | AR7: NA | AS7: NA | AT7: NA | AU7: NA | AV7: NA | AW7: -0.57097632 | AX7: NA | AY7: NA | AZ7: NA | BA7: NA | BB7: NA | BC7: NA | BD7: NA | BE7: NA | BF7: NA | BG7: NA | BH7: -0.47669182 | BI7: NA | BJ7: NA | BK7: NA | BL7: NA | BM7: NA | BN7: NA | BO7: NA | BP7: NA | BQ7: NA | BR7: NA | BS7: NA | BT7: NA | BU7: NA | BV7: NA | BW7: NA | BX7: NA | BY7: NA | BZ7: NA | CA7: NA | CB7: NA | CC7: NA | CD7: NA | CE7: NA | CF7: NA | CG7: NA | CH7: NA | CI7: NA
A8: TOFA | B8: =IFERROR(VLOOKUP(A8, [1]Overall!$A$2:$B$1442, 2, FALSE), IFERROR(VLOOKUP(A8, [1]Female!$A$2:$B$1276, 2, FALSE), IFERROR(VLOOKUP(A8, [1]Male!$A$2:$B$1529, 2, FALSE), "Not Found"))) -> Acetyl-CoA carboxylase inhibitor | C8: 1 | D8: 1 | E8: 1 | F8: NA | G8: NA | H8: NA | I8: 0.47320575 | J8: NA | K8: NA | L8: NA | M8: NA | N8: NA | O8: NA | P8: NA | Q8: NA | R8: -0.51459462 | S8: NA | T8: NA | U8: NA | V8: NA | W8: NA | X8: NA | Y8: NA | Z8: NA | AA8: NA | AB8: NA | AC8: NA | AD8: NA | AE8: NA | AF8: NA | AG8: NA | AH8: NA | AI8: NA | AJ8: NA | AK8: NA | AL8: NA | AM8: NA | AN8: NA | AO8: NA | AP8: NA | AQ8: NA | AR8: NA | AS8: NA | AT8: NA | AU8: NA | AV8: NA | AW8: NA | AX8: NA | AY8: NA | AZ8: NA | BA8: NA | BB8: NA | BC8: NA | BD8: NA | BE8: NA | BF8: NA | BG8: NA | BH8: NA | BI8: NA | BJ8: NA | BK8: NA | BL8: NA | BM8: NA | BN8: NA | BO8: NA | BP8: NA | BQ8: NA | BR8: NA | BS8: NA | BT8: NA | BU8: NA | BV8: NA | BW8: NA | BX8: NA | BY8: NA | BZ8: NA | CA8: NA | CB8: NA | CC8: NA | CD8: NA | CE8: NA | CF8: NA | CG8: NA | CH8: NA | CI8: NA
A9: Nicotine | B9: =VLOOKUP(A9,MOA!$C$2:$D$1253,2,FALSE) -> Acetylcholine receptor agonist | C9: 1 | D9: 2 | E9: 0.5 | F9: NA | G9: NA | H9: NA | I9: NA | J9: NA | K9: NA | L9: NA | M9: NA | N9: NA | O9: NA | P9: NA | Q9: NA | R9: NA | S9: NA | T9: 0.53796694 | U9: NA | V9: NA | W9: NA | X9: NA | Y9: NA | Z9: NA | AA9: NA | AB9: NA | AC9: -0.44114869 | AD9: NA | AE9: NA | AF9: NA | AG9: NA | AH9: NA | AI9: NA | AJ9: NA | AK9: NA | AL9: NA | AM9: NA | AN9: NA | AO9: NA | AP9: NA | AQ9: NA | AR9: NA | AS9: NA | AT9: NA | AU9: NA | AV9: NA | AW9: -0.46344734 | AX9: NA | AY9: NA | AZ9: NA | BA9: NA | BB9: NA | BC9: NA | BD9: NA | BE9: NA | BF9: NA | BG9: NA | BH9: NA | BI9: NA | BJ9: NA | BK9: NA | BL9: NA | BM9: NA | BN9: NA | BO9: NA | BP9: NA | BQ9: NA | BR9: NA | BS9: NA | BT9: NA | BU9: NA | BV9: NA | BW9: NA | BX9: NA | BY9: NA | BZ9: NA | CA9: NA | CB9: NA | CC9: NA | CD9: NA | CE9: NA | CF9: NA | CG9: NA | CH9: NA | CI9: NA
A10: Diphenidol | B10: =VLOOKUP(A10,MOA!$C$2:$D$1253,2,FALSE) -> Acetylcholine receptor agonist | C10: 1 | D10: 2 | E10: 0.5 | F10: NA | G10: NA | H10: NA | I10: -0.4378605 | J10: NA | K10: NA | L10: NA | M10: NA | N10: NA | O10: NA | P10: NA | Q10: NA | R10: NA | S10: NA | T10: NA | U10: NA | V10: NA | W10: NA | X10: NA | Y10: NA | Z10: NA | AA10: NA | AB10: NA | AC10: 0.39709324 | AD10: NA | AE10: NA | AF10: NA | AG10: NA | AH10: NA | AI10: NA | AJ10: NA | AK10: NA | AL10: NA | AM10: NA | AN10: NA | AO10: NA | AP10: NA | AQ10: NA | AR10: NA | AS10: NA | AT10: NA | AU10: NA | AV10: NA | AW10: NA | AX10: NA | AY10: NA | AZ10: NA | BA10: NA | BB10: NA | BC10: NA | BD10: NA | BE10: NA | BF10: NA | BG10: NA | BH10: -0.45739409 | BI10: NA | BJ10: NA | BK10: NA | BL10: NA | BM10: NA | BN10: NA | BO10: NA | BP10: NA | BQ10: NA | BR10: NA | BS10: NA | BT10: NA | BU10: NA | BV10: NA | BW10: NA | BX10: NA | BY10: NA | BZ10: NA | CA10: NA | CB10: NA | CC10: NA | CD10: NA | CE10: NA | CF10: NA | CG10: NA | CH10: NA | CI10: NA
A11: Piracetam | B11: =VLOOKUP(A11,MOA!$C$2:$D$1253,2,FALSE) -> Acetylcholine receptor agonist | C11: 2 | D11: 1 | E11: 2 | F11: NA | G11: NA | H11: NA | I11: NA | J11: NA | K11: NA | L11: NA | M11: NA | N11: NA | O11: NA | P11: NA | Q11: NA | R11: NA | S11: 0.4370581 | T11: NA | U11: NA | V11: NA | W11: NA | X11: NA | Y11: NA | Z11: NA | AA11: NA | AB11: NA | AC11: -0.41511177 | AD11: NA | AE11: NA | AF11: NA | AG11: NA | AH11: NA | AI11: NA | AJ11: NA | AK11: NA | AL11: NA | AM11: NA | AN11: NA | AO11: NA | AP11: NA | AQ11: NA | AR11: NA | AS11: NA | AT11: NA | AU11: NA | AV11: NA | AW11: 0.48561776 | AX11: NA | AY11: NA | AZ11: NA | BA11: NA | BB11: NA | BC11: NA | BD11: NA | BE11: NA | BF11: NA | BG11: NA | BH11: NA | BI11: NA | BJ11: NA | BK11: NA | BL11: NA | BM11: NA | BN11: NA | BO11: NA | BP11: NA | BQ11: NA | BR11: NA | BS11: NA | BT11: NA | BU11: NA | BV11: NA | BW11: NA | BX11: NA | BY11: NA | BZ11: NA | CA11: NA | CB11: NA | CC11: NA | CD11: NA | CE11: NA | CF11: NA | CG11: NA | CH11: NA | CI11: NA
A12: (R)-3-(piperidin-2-Yl)pyridine | B12: =VLOOKUP(A12,MOA!$C$2:$D$1253,2,FALSE) -> Acetylcholine receptor agonist | C12: 1 | D12: 1 | E12: 1 | F12: NA | G12: NA | H12: NA | I12: NA | J12: NA | K12: NA | L12: -0.35636956 | M12: NA | N12: NA | O12: NA | P12: NA | Q12: NA | R12: 0.46560788 | S12: NA | T12: NA | U12: NA | V12: NA | W12: NA | X12: NA | Y12: NA | Z12: NA | AA12: NA | AB12: NA | AC12: NA | AD12: NA | AE12: NA | AF12: NA | AG12: NA | AH12: NA | AI12: NA | AJ12: NA | AK12: NA | AL12: NA | AM12: NA | AN12: NA | AO12: NA | AP12: NA | AQ12: NA | AR12: NA | AS12: NA | AT12: NA | AU12: NA | AV12: NA | AW12: NA | AX12: NA | AY12: NA | AZ12: NA | BA12: NA | BB12: NA | BC12: NA | BD12: NA | BE12: NA | BF12: NA | BG12: NA | BH12: NA | BI12: NA | BJ12: NA | BK12: NA | BL12: NA | BM12: NA | BN12: NA | BO12: NA | BP12: NA | BQ12: NA | BR12: NA | BS12: NA | BT12: NA | BU12: NA | BV12: NA | BW12: NA | BX12: NA | BY12: NA | BZ12: NA | CA12: NA | CB12: NA | CC12: NA | CD12: NA | CE12: NA | CF12: NA | CG12: NA | CH12: NA | CI12: NA
A13: Pilocarpine | B13: =VLOOKUP(A13,MOA!$C$2:$D$1253,2,FALSE) -> Acetylcholine receptor agonist | C13: 1 | D13: 1 | E13: 1 | F13: NA | G13: NA | H13: NA | I13: 0.50391568 | J13: NA | K13: NA | L13: NA | M13: NA | N13: NA | O13: NA | P13: NA | Q13: NA | R13: NA | S13: NA | T13: NA | U13: NA | V13: NA | W13: NA | X13: NA | Y13: NA | Z13: NA | AA13: NA | AB13: NA | AC13: -0.51131982 | AD13: NA | AE13: NA | AF13: NA | AG13: NA | AH13: NA | AI13: NA | AJ13: NA | AK13: NA | AL13: NA | AM13: NA | AN13: NA | AO13: NA | AP13: NA | AQ13: NA | AR13: NA | AS13: NA | AT13: NA | AU13: NA | AV13: NA | AW13: NA | AX13: NA | AY13: NA | AZ13: NA | BA13: NA | BB13: NA | BC13: NA | BD13: NA | BE13: NA | BF13: NA | BG13: NA | BH13: NA | BI13: NA | BJ13: NA | BK13: NA | BL13: NA | BM13: NA | BN13: NA | BO13: NA | BP13: NA | BQ13: NA | BR13: NA | BS13: NA | BT13: NA | BU13: NA | BV13: NA | BW13: NA | BX13: NA | BY13: NA | BZ13: NA | CA13: NA | CB13: NA | CC13: NA | CD13: NA | CE13: NA | CF13: NA | CG13: NA | CH13: NA | CI13: NA
A14: Tremorine | B14: =VLOOKUP(A14,MOA!$C$2:$D$1253,2,FALSE) -> Acetylcholine receptor agonist | C14: 1 | D14: 1 | E14: 1 | F14: NA | G14: NA | H14: NA | I14: NA | J14: NA | K14: NA | L14: NA | M14: NA | N14: NA | O14: NA | P14: NA | Q14: NA | R14: -0.48969121 | S14: NA | T14: NA | U14: NA | V14: NA | W14: NA | X14: NA | Y14: NA | Z14: NA | AA14: NA | AB14: NA | AC14: 0.38637211 | AD14: NA | AE14: NA | AF14: NA | AG14: NA | AH14: NA | AI14: NA | AJ14: NA | AK14: NA | AL14: NA | AM14: NA | AN14: NA | AO14: NA | AP14: NA | AQ14: NA | AR14: NA | AS14: NA | AT14: NA | AU14: NA | AV14: NA | AW14: NA | AX14: NA | AY14: NA | AZ14: NA | BA14: NA | BB14: NA | BC14: NA | BD14: NA | BE14: NA | BF14: NA | BG14: NA | BH14: NA | BI14: NA | BJ14: NA | BK14: NA | BL14: NA | BM14: NA | BN14: NA | BO14: NA | BP14: NA | BQ14: NA | BR14: NA | BS14: NA | BT14: NA | BU14: NA | BV14: NA | BW14: NA | BX14: NA | BY14: NA | BZ14: NA | CA14: NA | CB14: NA | CC14: NA | CD14: NA | CE14: NA | CF14: NA | CG14: NA | CH14: NA | CI14: NA
A15: Adapiprazine | B15: =VLOOKUP(A15,MOA!$C$2:$D$1253,2,FALSE) -> Acetylcholine receptor agonist | C15: 2 | D15: 0 | E15: Inf | F15: NA | G15: NA | H15: NA | I15: NA | J15: NA | K15: NA | L15: 0.41512195 | M15: NA | N15: NA | O15: NA | P15: NA | Q15: NA | R15: NA | S15: NA | T15: NA | U15: NA | V15: NA | W15: NA | X15: NA | Y15: NA | Z15: NA | AA15: NA | AB15: NA | AC15: NA | AD15: NA | AE15: NA | AF15: NA | AG15: NA | AH15: NA | AI15: NA | AJ15: NA | AK15: NA | AL15: NA | AM15: NA | AN15: NA | AO15: NA | AP15: NA | AQ15: NA | AR15: NA | AS15: NA | AT15: NA | AU15: NA | AV15: NA | AW15: NA | AX15: NA | AY15: NA | AZ15: NA | BA15: NA | BB15: NA | BC15: NA | BD15: NA | BE15: NA | BF15: NA | BG15: NA | BH15: NA | BI15: NA | BJ15: NA | BK15: NA | BL15: 0.48039733 | BM15: NA | BN15: NA | BO15: NA | BP15: NA | BQ15: NA | BR15: NA | BS15: NA | BT15: NA | BU15: NA | BV15: NA | BW15: NA | BX15: NA | BY15: NA | BZ15: NA | CA15: NA | CB15: NA | CC15: NA | CD15: NA | CE15: NA | CF15: NA | CG15: NA | CH15: NA | CI15: NA
A16: N-Methyltropan-3-yl 2-(4-bromophenyl)propionate | B16: =VLOOKUP(A16,MOA!$C$2:$D$1253,2,FALSE) -> Acetylcholine receptor agonist | C16: 2 | D16: 0 | E16: Inf | F16: NA | G16: NA | H16: NA | I16: NA | J16: NA | K16: NA | L16: NA | M16: NA | N16: NA | O16: NA | P16: NA | Q16: NA | R16: NA | S16: NA | T16: 0.52471735 | U16: NA | V16: NA | W16: NA | X16: NA | Y16: NA | Z16: NA | AA16: NA | AB16: 0.55085817 | AC16: NA | AD16: NA | AE16: NA | AF16: NA | AG16: NA | AH16: NA | AI16: NA | AJ16: NA | AK16: NA | AL16: NA | AM16: NA | AN16: NA | AO16: NA | AP16: NA | AQ16: NA | AR16: NA | AS16: NA | AT16: NA | AU16: NA | AV16: NA | AW16: NA | AX16: NA | AY16: NA | AZ16: NA | BA16: NA | BB16: NA | BC16: NA | BD16: NA | BE16: NA | BF16: NA | BG16: NA | BH16: NA | BI16: NA | BJ16: NA | BK16: NA | BL16: NA | BM16: NA | BN16: NA | BO16: NA | BP16: NA | BQ16: NA | BR16: NA | BS16: NA | BT16: NA | BU16: NA | BV16: NA | BW16: NA | BX16: NA | BY16: NA | BZ16: NA | CA16: NA | CB16: NA | CC16: NA | CD16: NA | CE16: NA | CF16: NA | CG16: NA | CH16: NA | CI16: NA
A17: Arecaidine but-2-ynyl ester | B17: =VLOOKUP(A17,MOA!$C$2:$D$1253,2,FALSE) -> Acetylcholine receptor agonist | C17: 2 | D17: 0 | E17: Inf | F17: NA | G17: NA | H17: NA | I17: NA | J17: NA | K17: NA | L17: NA | M17: 0.41387658 | N17: NA | O17: NA | P17: NA | Q17: NA | R17: 0.54851785 | S17: NA | T17: NA | U17: NA | V17: NA | W17: NA | X17: NA | Y17: NA | Z17: NA | AA17: NA | AB17: NA | AC17: NA | AD17: NA | AE17: NA | AF17: NA | AG17: NA | AH17: NA | AI17: NA | AJ17: NA | AK17: NA | AL17: NA | AM17: NA | AN17: NA | AO17: NA | AP17: NA | AQ17: NA | AR17: NA | AS17: NA | AT17: NA | AU17: NA | AV17: NA | AW17: NA | AX17: NA | AY17: NA | AZ17: NA | BA17: NA | BB17: NA | BC17: NA | BD17: NA | BE17: NA | BF17: NA | BG17: NA | BH17: NA | BI17: NA | BJ17: NA | BK17: NA | BL17: NA | BM17: NA | BN17: NA | BO17: NA | BP17: NA | BQ17: NA | BR17: NA | BS17: NA | BT17: NA | BU17: NA | BV17: NA | BW17: NA | BX17: NA | BY17: NA | BZ17: NA | CA17: NA | CB17: NA | CC17: NA | CD17: NA | CE17: NA | CF17: NA | CG17: NA | CH17: NA | CI17: NA
A18: Arecaidine Propargyl Ester | B18: =VLOOKUP(A18,MOA!$C$2:$D$1253,2,FALSE) -> Acetylcholine receptor agonist | C18: 3 | D18: 0 | E18: Inf | F18: NA | G18: NA | H18: NA | I18: NA | J18: NA | K18: NA | L18: 0.4543325 | M18: NA | N18: NA | O18: NA | P18: NA | Q18: NA | R18: NA | S18: 0.49262576 | T18: NA | U18: NA | V18: NA | W18: NA | X18: NA | Y18: NA | Z18: NA | AA18: NA | AB18: NA | AC18: NA | AD18: NA | AE18: NA | AF18: NA | AG18: NA | AH18: NA | AI18: NA | AJ18: 0.49852597 | AK18: NA | AL18: NA | AM18: NA | AN18: NA | AO18: NA | AP18: NA | AQ18: NA | AR18: NA | AS18: NA | AT18: NA | AU18: NA | AV18: NA | AW18: NA | AX18: NA | AY18: NA | AZ18: NA | BA18: NA | BB18: NA | BC18: NA | BD18: NA | BE18: NA | BF18: NA | BG18: NA | BH18: NA | BI18: NA | BJ18: NA | BK18: NA | BL18: NA | BM18: NA | BN18: NA | BO18: NA | BP18: NA | BQ18: NA | BR18: NA | BS18: NA | BT18: NA | BU18: NA | BV18: NA | BW18: NA | BX18: NA | BY18: NA | BZ18: NA | CA18: NA | CB18: NA | CC18: NA | CD18: NA | CE18: NA | CF18: NA | CG18: NA | CH18: NA | CI18: NA
A19: Mepenzolate | B19: =VLOOKUP(A19,MOA!$C$2:$D$1253,2,FALSE) -> Acetylcholine receptor antagonist | C19: 1 | D19: 1 | E19: 1 | F19: NA | G19: NA | H19: NA | I19: NA | J19: NA | K19: NA | L19: NA | M19: NA | N19: NA | O19: NA | P19: NA | Q19: NA | R19: -0.41740508 | S19: NA | T19: NA | U19: NA | V19: NA | W19: NA | X19: NA | Y19: NA | Z19: NA | AA19: NA | AB19: NA | AC19: 0.37456025 | AD19: NA | AE19: NA | AF19: NA | AG19: NA | AH19: NA | AI19: NA | AJ19: NA | AK19: NA | AL19: NA | AM19: NA | AN19: NA | AO19: NA | AP19: NA | AQ19: NA | AR19: NA | AS19: NA | AT19: NA | AU19: NA | AV19: NA | AW19: NA | AX19: NA | AY19: NA | AZ19: NA | BA19: NA | BB19: NA | BC19: NA | BD19: NA | BE19: NA | BF19: NA | BG19: NA | BH19: NA | BI19: NA | BJ19: NA | BK19: NA | BL19: NA | BM19: NA | BN19: NA | BO19: NA | BP19: NA | BQ19: NA | BR19: NA | BS19: NA | BT19: NA | BU19: NA | BV19: NA | BW19: NA | BX19: NA | BY19: NA | BZ19: NA | CA19: NA | CB19: NA | CC19: NA | CD19: NA | CE19: NA | CF19: NA | CG19: NA | CH19: NA | CI19: NA
A20: Orphenadrine | B20: =VLOOKUP(A20,MOA!$C$2:$D$1253,2,FALSE) -> Acetylcholine receptor antagonist | C20: 0 | D20: 2 | E20: 0 | F20: NA | G20: NA | H20: NA | I20: NA | J20: NA | K20: NA | L20: NA | M20: NA | N20: NA | O20: NA | P20: NA | Q20: NA | R20: -0.32555992 | S20: NA | T20: NA | U20: NA | V20: NA | W20: NA | X20: NA | Y20: NA | Z20: NA | AA20: NA | AB20: NA | AC20: -0.60322362 | AD20: NA | AE20: NA | AF20: NA | AG20: NA | AH20: NA | AI20: NA | AJ20: NA | AK20: NA | AL20: NA | AM20: NA | AN20: NA | AO20: NA | AP20: NA | AQ20: NA | AR20: NA | AS20: NA | AT20: NA | AU20: NA | AV20: NA | AW20: NA | AX20: NA | AY20: NA | AZ20: NA | BA20: NA | BB20: NA | BC20: NA | BD20: NA | BE20: NA | BF20: NA | BG20: NA | BH20: NA | BI20: NA | BJ20: NA | BK20: NA | BL20: NA | BM20: NA | BN20: NA | BO20: NA | BP20: NA | BQ20: NA | BR20: NA | BS20: NA | BT20: NA | BU20: NA | BV20: NA | BW20: NA | BX20: NA | BY20: NA | BZ20: NA | CA20: NA | CB20: NA | CC20: NA | CD20: NA | CE20: NA | CF20: NA | CG20: NA | CH20: NA | CI20: NA
A21: Piperidolate | B21: =VLOOKUP(A21,MOA!$C$2:$D$1253,2,FALSE) -> Acetylcholine receptor antagonist | C21: 1 | D21: 2 | E21: 0.5 | F21: NA | G21: NA | H21: NA | I21: -0.50682016 | J21: NA | K21: NA | L21: NA | M21: NA | N21: NA | O21: NA | P21: NA | Q21: NA | R21: -0.59165574 | S21: NA | T21: NA | U21: NA | V21: NA | W21: NA | X21: NA | Y21: NA | Z21: NA | AA21: NA | AB21: NA | AC21: 0.40608082 | AD21: NA | AE21: NA | AF21: NA | AG21: NA | AH21: NA | AI21: NA | AJ21: NA | AK21: NA | AL21: NA | AM21: NA | AN21: NA | AO21: NA | AP21: NA | AQ21: NA | AR21: NA | AS21: NA | AT21: NA | AU21: NA | AV21: NA | AW21: NA | AX21: NA | AY21: NA | AZ21: NA | BA21: NA | BB21: NA | BC21: NA | BD21: NA | BE21: NA | BF21: NA | BG21: NA | BH21: NA | BI21: NA | BJ21: NA | BK21: NA | BL21: NA | BM21: NA | BN21: NA | BO21: NA | BP21: NA | BQ21: NA | BR21: NA | BS21: NA | BT21: NA | BU21: NA | BV21: NA | BW21: NA | BX21: NA | BY21: NA | BZ21: NA | CA21: NA | CB21: NA | CC21: NA | CD21: NA | CE21: NA | CF21: NA | CG21: NA | CH21: NA | CI21: NA
A22: Tropicamide | B22: =VLOOKUP(A22,MOA!$C$2:$D$1253,2,FALSE) -> Acetylcholine receptor antagonist | C22: 1 | D22: 1 | E22: 1 | F22: NA | G22: NA | H22: NA | I22: NA | J22: NA | K22: NA | L22: NA | M22: NA | N22: -0.52804223 | O22: NA | P22: NA | Q22: NA | R22: NA | S22: NA | T22: NA | U22: NA | V22: NA | W22: NA | X22: NA | Y22: NA | Z22: NA | AA22: NA | AB22: NA | AC22: NA | AD22: NA | AE22: NA | AF22: NA | AG22: NA | AH22: NA | AI22: NA | AJ22: 0.48504326 | AK22: NA | AL22: NA | AM22: NA | AN22: NA | AO22: NA | AP22: NA | AQ22: NA | AR22: NA | AS22: NA | AT22: NA | AU22: NA | AV22: NA | AW22: NA | AX22: NA | AY22: NA | AZ22: NA | BA22: NA | BB22: NA | BC22: NA | BD22: NA | BE22: NA | BF22: NA | BG22: NA | BH22: NA | BI22: NA | BJ22: NA | BK22: NA | BL22: NA | BM22: NA | BN22: NA | BO22: NA | BP22: NA | BQ22: NA | BR22: NA | BS22: NA | BT22: NA | BU22: NA | BV22: NA | BW22: NA | BX22: NA | BY22: NA | BZ22: NA | CA22: NA | CB22: NA | CC22: NA | CD22: NA | CE22: NA | CF22: NA | CG22: NA | CH22: NA | CI22: NA
A23: Hyoscyamine | B23: =VLOOKUP(A23,MOA!$C$2:$D$1253,2,FALSE) -> Acetylcholine receptor antagonist | C23: 1 | D23: 1 | E23: 1 | F23: NA | G23: NA | H23: NA | I23: NA | J23: NA | K23: NA | L23: NA | M23: NA | N23: NA | O23: NA | P23: NA | Q23: NA | R23: NA | S23: NA | T23: NA | U23: NA | V23: NA | W23: NA | X23: NA | Y23: NA | Z23: NA | AA23: NA | AB23: -0.45208921 | AC23: 0.38997428 | AD23: NA | AE23: NA | AF23: NA | AG23: NA | AH23: NA | AI23: NA | AJ23: NA | AK23: NA | AL23: NA | AM23: NA | AN23: NA | AO23: NA | AP23: NA | AQ23: NA | AR23: NA | AS23: NA | AT23: NA | AU23: NA | AV23: NA | AW23: NA | AX23: NA | AY23: NA | AZ23: NA | BA23: NA | BB23: NA | BC23: NA | BD23: NA | BE23: NA | BF23: NA | BG23: NA | BH23: NA | BI23: NA | BJ23: NA | BK23: NA | BL23: NA | BM23: NA | BN23: NA | BO23: NA | BP23: NA | BQ23: NA | BR23: NA | BS23: NA | BT23: NA | BU23: NA | BV23: NA | BW23: NA | BX23: NA | BY23: NA | BZ23: NA | CA23: NA | CB23: NA | CC23: NA | CD23: NA | CE23: NA | CF23: NA | CG23: NA | CH23: NA | CI23: NA
A24: Methixene | B24: =VLOOKUP(A24,MOA!$C$2:$D$1253,2,FALSE) -> Acetylcholine receptor antagonist | C24: 4 | D24: 1 | E24: 4 | F24: NA | G24: NA | H24: NA | I24: 0.53984535 | J24: NA | K24: NA | L24: NA | M24: NA | N24: NA | O24: NA | P24: NA | Q24: NA | R24: 0.46733335 | S24: NA | T24: NA | U24: NA | V24: NA | W24: NA | X24: NA | Y24: NA | Z24: NA | AA24: NA | AB24: -0.38926463 | AC24: 0.46604901 | AD24: NA | AE24: NA | AF24: NA | AG24: NA | AH24: NA | AI24: NA | AJ24: 0.63410351 | AK24: NA | AL24: NA | AM24: NA | AN24: NA | AO24: NA | AP24: NA | AQ24: NA | AR24: NA | AS24: NA | AT24: NA | AU24: NA | AV24: NA | AW24: NA | AX24: NA | AY24: NA | AZ24: NA | BA24: NA | BB24: NA | BC24: NA | BD24: NA | BE24: NA | BF24: NA | BG24: NA | BH24: NA | BI24: NA | BJ24: NA | BK24: NA | BL24: NA | BM24: NA | BN24: NA | BO24: NA | BP24: NA | BQ24: NA | BR24: NA | BS24: NA | BT24: NA | BU24: NA | BV24: NA | BW24: NA | BX24: NA | BY24: NA | BZ24: NA | CA24: NA | CB24: NA | CC24: NA | CD24: NA | CE24: NA | CF24: NA | CG24: NA | CH24: NA | CI24: NA
A25: Dicyclomine | B25: =VLOOKUP(A25,MOA!$C$2:$D$1253,2,FALSE) -> Acetylcholine receptor antagonist | C25: 1 | D25: 1 | E25: 1 | F25: NA | G25: NA | H25: NA | I25: NA | J25: NA | K25: NA | L25: NA | M25: NA | N25: NA | O25: NA | P25: NA | Q25: NA | R25: NA | S25: NA | T25: 0.44118632 | U25: NA | V25: NA | W25: NA | X25: NA | Y25: NA | Z25: NA | AA25: NA | AB25: NA | AC25: NA | AD25: NA | AE25: NA | AF25: NA | AG25: NA | AH25: NA | AI25: NA | AJ25: -0.38604561 | AK25: NA | AL25: NA | AM25: NA | AN25: NA | AO25: NA | AP25: NA | AQ25: NA | AR25: NA | AS25: NA | AT25: NA | AU25: NA | AV25: NA | AW25: NA | AX25: NA | AY25: NA | AZ25: NA | BA25: NA | BB25: NA | BC25: NA | BD25: NA | BE25: NA | BF25: NA | BG25: NA | BH25: NA | BI25: NA | BJ25: NA | BK25: NA | BL25: NA | BM25: NA | BN25: NA | BO25: NA | BP25: NA | BQ25: NA | BR25: NA | BS25: NA | BT25: NA | BU25: NA | BV25: NA | BW25: NA | BX25: NA | BY25: NA | BZ25: NA | CA25: NA | CB25: NA | CC25: NA | CD25: NA | CE25: NA | CF25: NA | CG25: NA | CH25: NA | CI25: NA
A26: Methantheline | B26: =VLOOKUP(A26,MOA!$C$2:$D$1253,2,FALSE) -> Acetylcholine receptor antagonist | C26: 3 | D26: 0 | E26: Inf | F26: NA | G26: NA | H26: NA | I26: NA | J26: NA | K26: NA | L26: NA | M26: NA | N26: 0.56082617 | O26: NA | P26: NA | Q26: NA | R26: NA | S26: NA | T26: NA | U26: NA | V26: NA | W26: NA | X26: NA | Y26: NA | Z26: NA | AA26: NA | AB26: NA | AC26: 0.49810701 | AD26: NA | AE26: NA | AF26: NA | AG26: NA | AH26: NA | AI26: NA | AJ26: 0.47553493 | AK26: NA | AL26: NA | AM26: NA | AN26: NA | AO26: NA | AP26: NA | AQ26: NA | AR26: NA | AS26: NA | AT26: NA | AU26: NA | AV26: NA | AW26: NA | AX26: NA | AY26: NA | AZ26: NA | BA26: NA | BB26: NA | BC26: NA | BD26: NA | BE26: NA | BF26: NA | BG26: NA | BH26: NA | BI26: NA | BJ26: NA | BK26: NA | BL26: NA | BM26: NA | BN26: NA | BO26: NA | BP26: NA | BQ26: NA | BR26: NA | BS26: NA | BT26: NA | BU26: NA | BV26: NA | BW26: NA | BX26: NA | BY26: NA | BZ26: NA | CA26: NA | CB26: NA | CC26: NA | CD26: NA | CE26: NA | CF26: NA | CG26: NA | CH26: NA | CI26: NA
A27: Darifenacin | B27: =VLOOKUP(A27,MOA!$C$2:$D$1253,2,FALSE) -> Acetylcholine receptor antagonist | C27: 3 | D27: 0 | E27: Inf | F27: NA | G27: NA | H27: NA | I27: NA | J27: NA | K27: NA | L27: NA | M27: NA | N27: NA | O27: NA | P27: NA | Q27: NA | R27: NA | S27: 0.4162904 | T27: NA | U27: NA | V27: NA | W27: NA | X27: NA | Y27: NA | Z27: NA | AA27: NA | AB27: 0.47300975 | AC27: 0.46915435 | AD27: NA | AE27: NA | AF27: NA | AG27: NA | AH27: NA | AI27: NA | AJ27: NA | AK27: NA | AL27: NA | AM27: NA | AN27: NA | AO27: NA | AP27: NA | AQ27: NA | AR27: NA | AS27: NA | AT27: NA | AU27: NA | AV27: NA | AW27: NA | AX27: NA | AY27: NA | AZ27: NA | BA27: NA | BB27: NA | BC27: NA | BD27: NA | BE27: NA | BF27: NA | BG27: NA | BH27: NA | BI27: NA | BJ27: NA | BK27: NA | BL27: NA | BM27: NA | BN27: NA | BO27: NA | BP27: NA | BQ27: NA | BR27: NA | BS27: NA | BT27: NA | BU27: NA | BV27: NA | BW27: NA | BX27: NA | BY27: NA | BZ27: NA | CA27: NA | CB27: NA | CC27: NA | CD27: NA | CE27: NA | CF27: NA | CG27: NA | CH27: NA | CI27: NA
A28: Strychnine | B28: =VLOOKUP(A28,MOA!$C$2:$D$1253,2,FALSE) -> Acetylcholine receptor antagonist | C28: 2 | D28: 0 | E28: Inf | F28: NA | G28: NA | H28: NA | I28: NA | J28: NA | K28: NA | L28: NA | M28: 0.39710513 | N28: NA | O28: NA | P28: NA | Q28: NA | R28: NA | S28: 0.38521218 | T28: NA | U28: NA | V28: NA | W28: NA | X28: NA | Y28: NA | Z28: NA | AA28: NA | AB28: NA | AC28: NA | AD28: NA | AE28: NA | AF28: NA | AG28: NA | AH28: NA | AI28: NA | AJ28: NA | AK28: NA | AL28: NA | AM28: NA | AN28: NA | AO28: NA | AP28: NA | AQ28: NA | AR28: NA | AS28: NA | AT28: NA | AU28: NA | AV28: NA | AW28: NA | AX28: NA | AY28: NA | AZ28: NA | BA28: NA | BB28: NA | BC28: NA | BD28: NA | BE28: NA | BF28: NA | BG28: NA | BH28: NA | BI28: NA | BJ28: NA | BK28: NA | BL28: NA | BM28: NA | BN28: NA | BO28: NA | BP28: NA | BQ28: NA | BR28: NA | BS28: NA | BT28: NA | BU28: NA | BV28: NA | BW28: NA | BX28: NA | BY28: NA | BZ28: NA | CA28: NA | CB28: NA | CC28: NA | CD28: NA | CE28: NA | CF28: NA | CG28: NA | CH28: NA | CI28: NA
A29: Boldine | B29: =VLOOKUP(A29,MOA!$C$2:$D$1253,2,FALSE) -> Acetylcholine receptor antagonist|Dopamine receptor antagonist | C29: 0 | D29: 2 | E29: 0 | F29: NA | G29: NA | H29: NA | I29: NA | J29: NA | K29: NA | L29: NA | M29: NA | N29: NA | O29: NA | P29: NA | Q29: NA | R29: -0.57494392 | S29: NA | T29: -0.51549864 | U29: NA | V29: NA | W29: NA | X29: NA | Y29: NA | Z29: NA | AA29: NA | AB29: NA | AC29: NA | AD29: NA | AE29: NA | AF29: NA | AG29: NA | AH29: NA | AI29: NA | AJ29: NA | AK29: NA | AL29: NA | AM29: NA | AN29: NA | AO29: NA | AP29: NA | AQ29: NA | AR29: NA | AS29: NA | AT29: NA | AU29: NA | AV29: NA | AW29: NA | AX29: NA | AY29: NA | AZ29: NA | BA29: NA | BB29: NA | BC29: NA | BD29: NA | BE29: NA | BF29: NA | BG29: NA | BH29: NA | BI29: NA | BJ29: NA | BK29: NA | BL29: NA | BM29: NA | BN29: NA | BO29: NA | BP29: NA | BQ29: NA | BR29: NA | BS29: NA | BT29: NA | BU29: NA | BV29: NA | BW29: NA | BX29: NA | BY29: NA | BZ29: NA | CA29: NA | CB29: NA | CC29: NA | CD29: NA | CE29: NA | CF29: NA | CG29: NA | CH29: NA | CI29: NA
A30: Herniarin | B30: =VLOOKUP(A30,MOA!$C$2:$D$1253,2,FALSE) -> Acetylcholinesterase inhibitor | C30: 1 | D30: 1 | E30: 1 | F30: NA | G30: NA | H30: NA | I30: NA | J30: NA | K30: NA | L30: NA | M30: NA | N30: NA | O30: NA | P30: NA | Q30: NA | R30: NA | S30: NA | T30: -0.52947784 | U30: NA | V30: NA | W30: NA | X30: NA | Y30: NA | Z30: NA | AA30: NA | AB30: 0.54048152 | AC30: NA | AD30: NA | AE30: NA | AF30: NA | AG30: NA | AH30: NA | AI30: NA | AJ30: NA | AK30: NA | AL30: NA | AM30: NA | AN30: NA | AO30: NA | AP30: NA | AQ30: NA | AR30: NA | AS30: NA | AT30: NA | AU30: NA | AV30: NA | AW30: NA | AX30: NA | AY30: NA | AZ30: NA | BA30: NA | BB30: NA | BC30: NA | BD30: NA | BE30: NA | BF30: NA | BG30: NA | BH30: NA | BI30: NA | BJ30: NA | BK30: NA | BL30: NA | BM30: NA | BN30: NA | BO30: NA | BP30: NA | BQ30: NA | BR30: NA | BS30: NA | BT30: NA | BU30: NA | BV30: NA | BW30: NA | BX30: NA | BY30: NA | BZ30: NA | CA30: NA | CB30: NA | CC30: NA | CD30: NA | CE30: NA | CF30: NA | CG30: NA | CH30: NA | CI30: NA
A31: Alpha-Solanine | B31: =VLOOKUP(A31,MOA!$C$2:$D$1253,2,FALSE) -> Acetylcholinesterase inhibitor | C31: 3 | D31: 1 | E31: 3 | F31: NA | G31: NA | H31: NA | I31: NA | J31: NA | K31: 0.61874556 | L31: 0.52383919 | M31: -0.44476543 | N31: NA | O31: NA | P31: NA | Q31: NA | R31: NA | S31: NA | T31: NA | U31: NA | V31: NA | W31: NA | X31: NA | Y31: NA | Z31: NA | AA31: NA | AB31: NA | AC31: NA | AD31: NA | AE31: NA | AF31: NA | AG31: NA | AH31: NA | AI31: NA | AJ31: NA | AK31: NA | AL31: NA | AM31: NA | AN31: NA | AO31: 0.38975935 | AP31: NA | AQ31: NA | AR31: NA | AS31: NA | AT31: NA | AU31: NA | AV31: NA | AW31: NA | AX31: NA | AY31: NA | AZ31: NA | BA31: NA | BB31: NA | BC31: NA | BD31: NA | BE31: NA | BF31: NA | BG31: NA | BH31: NA | BI31: NA | BJ31: NA | BK31: NA | BL31: NA | BM31: NA | BN31: NA | BO31: NA | BP31: NA | BQ31: NA | BR31: NA | BS31: NA | BT31: NA | BU31: NA | BV31: NA | BW31: NA | BX31: NA | BY31: NA | BZ31: NA | CA31: NA | CB31: NA | CC31: NA | CD31: NA | CE31: NA | CF31: NA | CG31: NA | CH31: NA | CI31: NA
A32: Buddleoflavonoloside | B32: =VLOOKUP(A32,MOA!$C$2:$D$1253,2,FALSE) -> Acetylcholinesterase inhibitor | C32: 1 | D32: 1 | E32: 1 | F32: NA | G32: NA | H32: NA | I32: NA | J32: NA | K32: NA | L32: NA | M32: NA | N32: NA | O32: NA | P32: NA | Q32: NA | R32: 0.33732669 | S32: NA | T32: -0.40179012 | U32: NA | V32: NA | W32: NA | X32: NA | Y32: NA | Z32: NA | AA32: NA | AB32: NA | AC32: NA | AD32: NA | AE32: NA | AF32: NA | AG32: NA | AH32: NA | AI32: NA | AJ32: NA | AK32: NA | AL32: NA | AM32: NA | AN32: NA | AO32: NA | AP32: NA | AQ32: NA | AR32: NA | AS32: NA | AT32: NA | AU32: NA | AV32: NA | AW32: NA | AX32: NA | AY32: NA | AZ32: NA | BA32: NA | BB32: NA | BC32: NA | BD32: NA | BE32: NA | BF32: NA | BG32: NA | BH32: NA | BI32: NA | BJ32: NA | BK32: NA | BL32: NA | BM32: NA | BN32: NA | BO32: NA | BP32: NA | BQ32: NA | BR32: NA | BS32: NA | BT32: NA | BU32: NA | BV32: NA | BW32: NA | BX32: NA | BY32: NA | BZ32: NA | CA32: NA | CB32: NA | CC32: NA | CD32: NA | CE32: NA | CF32: NA | CG32: NA | CH32: NA | CI32: NA
A33: Tacrine | B33: =VLOOKUP(A33,MOA!$C$2:$D$1253,2,FALSE) -> Acetylcholinesterase inhibitor | C33: 1 | D33: 1 | E33: 1 | F33: NA | G33: NA | H33: NA | I33: NA | J33: NA | K33: NA | L33: NA | M33: NA | N33: NA | O33: NA | P33: NA | Q33: NA | R33: -0.39904641 | S33: NA | T33: NA | U33: NA | V33: NA | W33: NA | X33: NA | Y33: NA | Z33: NA | AA33: NA | AB33: NA | AC33: 0.4265655 | AD33: NA | AE33: NA | AF33: NA | AG33: NA | AH33: NA | AI33: NA | AJ33: NA | AK33: NA | AL33: NA | AM33: NA | AN33: NA | AO33: NA | AP33: NA | AQ33: NA | AR33: NA | AS33: NA | AT33: NA | AU33: NA | AV33: NA | AW33: NA | AX33: NA | AY33: NA | AZ33: NA | BA33: NA | BB33: NA | BC33: NA | BD33: NA | BE33: NA | BF33: NA | BG33: NA | BH33: NA | BI33: NA | BJ33: NA | BK33: NA | BL33: NA | BM33: NA | BN33: NA | BO33: NA | BP33: NA | BQ33: NA | BR33: NA | BS33: NA | BT33: NA | BU33: NA | BV33: NA | BW33: NA | BX33: NA | BY33: NA | BZ33: NA | CA33: NA | CB33: NA | CC33: NA | CD33: NA | CE33: NA | CF33: NA | CG33: NA | CH33: NA | CI33: NA
A34: Neostigmine | B34: =VLOOKUP(A34,MOA!$C$2:$D$1253,2,FALSE) -> Acetylcholinesterase inhibitor | C34: 1 | D34: 1 | E34: 1 | F34: NA | G34: NA | H34: NA | I34: NA | J34: NA | K34: NA | L34: NA | M34: NA | N34: NA | O34: NA | P34: NA | Q34: NA | R34: NA | S34: NA | T34: NA | U34: NA | V34: NA | W34: NA | X34: NA | Y34: NA | Z34: NA | AA34: NA | AB34: NA | AC34: 0.55782509 | AD34: NA | AE34: NA | AF34: NA | AG34: NA | AH34: NA | AI34: NA | AJ34: NA | AK34: NA | AL34: NA | AM34: NA | AN34: NA | AO34: NA | AP34: NA | AQ34: NA | AR34: NA | AS34: NA | AT34: NA | AU34: NA | AV34: NA | AW34: NA | AX34: NA | AY34: NA | AZ34: NA | BA34: NA | BB34: NA | BC34: NA | BD34: NA | BE34: NA | BF34: NA | BG34: NA | BH34: -0.39623137 | BI34: NA | BJ34: NA | BK34: NA | BL34: NA | BM34: NA | BN34: NA | BO34: NA | BP34: NA | BQ34: NA | BR34: NA | BS34: NA | BT34: NA | BU34: NA | BV34: NA | BW34: NA | BX34: NA | BY34: NA | BZ34: NA | CA34: NA | CB34: NA | CC34: NA | CD34: NA | CE34: NA | CF34: NA | CG34: NA | CH34: NA | CI34: NA
A35: galantamine | B35: =IFERROR(VLOOKUP(A35, [1]Overall!$A$2:$B$1442, 2, FALSE), IFERROR(VLOOKUP(A35, [1]Female!$A$2:$B$1276, 2, FALSE), IFERROR(VLOOKUP(A35, [1]Male!$A$2:$B$1529, 2, FALSE), "Not Found"))) -> Acetylcholinesterase inhibitor | C35: 4 | D35: 0 | E35: Inf | F35: NA | G35: NA | H35: NA | I35: 0.40880426 | J35: NA | K35: 0.41149745 | L35: NA | M35: NA | N35: NA | O35: NA | P35: NA | Q35: NA | R35: 0.58412324 | S35: NA | T35: NA | U35: NA | V35: NA | W35: NA | X35: NA | Y35: NA | Z35: NA | AA35: NA | AB35: NA | AC35: 0.47517732 | AD35: NA | AE35: NA | AF35: NA | AG35: NA | AH35: NA | AI35: NA | AJ35: NA | AK35: NA | AL35: NA | AM35: NA | AN35: NA | AO35: NA | AP35: NA | AQ35: NA | AR35: NA | AS35: NA | AT35: NA | AU35: NA | AV35: NA | AW35: NA | AX35: NA | AY35: NA | AZ35: NA | BA35: NA | BB35: NA | BC35: NA | BD35: NA | BE35: NA | BF35: NA | BG35: NA | BH35: NA | BI35: NA | BJ35: NA | BK35: NA | BL35: NA | BM35: NA | BN35: NA | BO35: NA | BP35: NA | BQ35: NA | BR35: NA | BS35: NA | BT35: NA | BU35: NA | BV35: NA | BW35: NA | BX35: NA | BY35: NA | BZ35: NA | CA35: NA | CB35: NA | CC35: NA | CD35: NA | CE35: NA | CF35: NA | CG35: NA | CH35: NA | CI35: NA
A36: Physostigmine | B36: =VLOOKUP(A36,MOA!$C$2:$D$1253,2,FALSE) -> Acetylcholinesterase inhibitor|Cholinesterase inhibitor | C36: 1 | D36: 1 | E36: 1 | F36: NA | G36: NA | H36: NA | I36: NA | J36: NA | K36: NA | L36: NA | M36: 0.473184 | N36: NA | O36: NA | P36: NA | Q36: NA | R36: NA | S36: NA | T36: NA | U36: NA | V36: NA | W36: NA | X36: NA | Y36: NA | Z36: NA | AA36: NA | AB36: NA | AC36: -0.38874126 | AD36: NA | AE36: NA | AF36: NA | AG36: NA | AH36: NA | AI36: NA | AJ36: NA | AK36: NA | AL36: NA | AM36: NA | AN36: NA | AO36: NA | AP36: NA | AQ36: NA | AR36: NA | AS36: NA | AT36: NA | AU36: NA | AV36: NA | AW36: NA | AX36: NA | AY36: NA | AZ36: NA | BA36: NA | BB36: NA | BC36: NA | BD36: NA | BE36: NA | BF36: NA | BG36: NA | BH36: NA | BI36: NA | BJ36: NA | BK36: NA | BL36: NA | BM36: NA | BN36: NA | BO36: NA | BP36: NA | BQ36: NA | BR36: NA | BS36: NA | BT36: NA | BU36: NA | BV36: NA | BW36: NA | BX36: NA | BY36: NA | BZ36: NA | CA36: NA | CB36: NA | CC36: NA | CD36: NA | CE36: NA | CF36: NA | CG36: NA | CH36: NA | CI36: NA
A37: Secnidazole | B37: =VLOOKUP(A37,MOA!$C$2:$D$1253,2,FALSE) -> Acetylcholinesterase inhibitor|Microtubule inhibitor | C37: 3 | D37: 0 | E37: Inf | F37: NA | G37: NA | H37: NA | I37: NA | J37: NA | K37: NA | L37: NA | M37: NA | N37: NA | O37: NA | P37: NA | Q37: NA | R37: NA | S37: 0.53126611 | T37: NA | U37: NA | V37: NA | W37: NA | X37: NA | Y37: NA | Z37: NA | AA37: NA | AB37: 0.44754154 | AC37: NA | AD37: NA | AE37: NA | AF37: NA | AG37: NA | AH37: NA | AI37: NA | AJ37: NA | AK37: NA | AL37: NA | AM37: NA | AN37: NA | AO37: NA | AP37: NA | AQ37: NA | AR37: NA | AS37: NA | AT37: NA | AU37: NA | AV37: NA | AW37: NA | AX37: NA | AY37: NA | AZ37: NA | BA37: NA | BB37: NA | BC37: NA | BD37: NA | BE37: NA | BF37: NA | BG37: NA | BH37: 0.42083938 | BI37: NA | BJ37: NA | BK37: NA | BL37: NA | BM37: NA | BN37: NA | BO37: NA | BP37: NA | BQ37: NA | BR37: NA | BS37: NA | BT37: NA | BU37: NA | BV37: NA | BW37: NA | BX37: NA | BY37: NA | BZ37: NA | CA37: NA | CB37: NA | CC37: NA | CD37: NA | CE37: NA | CF37: NA | CG37: NA | CH37: NA | CI37: NA
A38: Desoxypeganine | B38: =VLOOKUP(A38,MOA!$C$2:$D$1253,2,FALSE) -> Acetylcholinesterase inhibitor|Monoamine oxidase inhibitor | C38: 1 | D38: 3 | E38: 0.33333333 | F38: NA | G38: NA | H38: NA | I38: NA | J38: NA | K38: 0.43848364 | L38: NA | M38: NA | N38: NA | O38: NA | P38: NA | Q38: NA | R38: -0.38638536 | S38: NA | T38: NA | U38: NA | V38: NA | W38: NA | X38: NA | Y38: NA | Z38: NA | AA38: NA | AB38: NA | AC38: -0.3625605 | AD38: NA | AE38: NA | AF38: NA | AG38: NA | AH38: NA | AI38: NA | AJ38: NA | AK38: NA | AL38: NA | AM38: NA | AN38: NA | AO38: NA | AP38: NA | AQ38: NA | AR38: NA | AS38: NA | AT38: NA | AU38: NA | AV38: NA | AW38: NA | AX38: NA | AY38: NA | AZ38: NA | BA38: NA | BB38: NA | BC38: NA | BD38: NA | BE38: NA | BF38: NA | BG38: NA | BH38: -0.4653147 | BI38: NA | BJ38: NA | BK38: NA | BL38: NA | BM38: NA | BN38: NA | BO38: NA | BP38: NA | BQ38: NA | BR38: NA | BS38: NA | BT38: NA | BU38: NA | BV38: NA | BW38: NA | BX38: NA | BY38: NA | BZ38: NA | CA38: NA | CB38: NA | CC38: NA | CD38: NA | CE38: NA | CF38: NA | CG38: NA | CH38: NA | CI38: NA
A39: Ercalcitriol | B39: =IFERROR(VLOOKUP(A39, [1]Overall!$A$2:$B$1442, 2, FALSE), IFERROR(VLOOKUP(A39, [1]Female!$A$2:$B$1276, 2, FALSE), IFERROR(VLOOKUP(A39, [1]Male!$A$2:$B$1529, 2, FALSE), "Not Found"))) -> Active form of vitamin D3, regulates calcium homeostasis | C39: 3 | D39: 0 | E39: Inf | F39: NA | G39: NA | H39: NA | I39: NA | J39: NA | K39: NA | L39: NA | M39: NA | N39: NA | O39: NA | P39: NA | Q39: NA | R39: NA | S39: 0.47496622 | T39: NA | U39: NA | V39: NA | W39: NA | X39: NA | Y39: NA | Z39: NA | AA39: NA | AB39: 0.5398644 | AC39: NA | AD39: NA | AE39: NA | AF39: NA | AG39: NA | AH39: NA | AI39: NA | AJ39: NA | AK39: NA | AL39: NA | AM39: NA | AN39: NA | AO39: NA | AP39: NA | AQ39: NA | AR39: NA | AS39: NA | AT39: NA | AU39: NA | AV39: NA | AW39: 0.3876885 | AX39: NA | AY39: NA | AZ39: NA | BA39: NA | BB39: NA | BC39: NA | BD39: NA | BE39: NA | BF39: NA | BG39: NA | BH39: NA | BI39: NA | BJ39: NA | BK39: NA | BL39: NA | BM39: NA | BN39: NA | BO39: NA | BP39: NA | BQ39: NA | BR39: NA | BS39: NA | BT39: NA | BU39: NA | BV39: NA | BW39: NA | BX39: NA | BY39: NA | BZ39: NA | CA39: NA | CB39: NA | CC39: NA | CD39: NA | CE39: NA | CF39: NA | CG39: NA | CH39: NA | CI39: NA
A40: IB-MECA | B40: =VLOOKUP(A40,MOA!$C$2:$D$1253,2,FALSE) -> Adenosine A3 receptor agonist | C40: 1 | D40: 2 | E40: 0.5 | F40: NA | G40: NA | H40: NA | I40: -0.56785225 | J40: NA | K40: NA | L40: NA | M40: NA | N40: NA | O40: NA | P40: NA | Q40: NA | R40: NA | S40: NA | T40: NA | U40: NA | V40: NA | W40: NA | X40: NA | Y40: NA | Z40: NA | AA40: NA | AB40: NA | AC40: NA | AD40: NA | AE40: NA | AF40: NA | AG40: NA | AH40: NA | AI40: NA | AJ40: NA | AK40: NA | AL40: NA | AM40: NA | AN40: NA | AO40: NA | AP40: NA | AQ40: NA | AR40: NA | AS40: NA | AT40: NA | AU40: NA | AV40: NA | AW40: 0.4158721 | AX40: NA | AY40: NA | AZ40: NA | BA40: NA | BB40: NA | BC40: NA | BD40: NA | BE40: NA | BF40: NA | BG40: NA | BH40: -0.61519261 | BI40: NA | BJ40: NA | BK40: NA | BL40: NA | BM40: NA | BN40: NA | BO40: NA | BP40: NA | BQ40: NA | BR40: NA | BS40: NA | BT40: NA | BU40: NA | BV40: NA | BW40: NA | BX40: NA | BY40: NA | BZ40: NA | CA40: NA | CB40: NA | CC40: NA | CD40: NA | CE40: NA | CF40: NA | CG40: NA | CH40: NA | CI40: NA
A41: Cladribine | B41: =VLOOKUP(A41,MOA!$C$2:$D$1253,2,FALSE) -> Adenosine deaminase inhibitor|Ribonucleoside reductase inhibitor | C41: 1 | D41: 1 | E41: 1 | F41: NA | G41: NA | H41: NA | I41: NA | J41: NA | K41: NA | L41: NA | M41: NA | N41: NA | O41: NA | P41: NA | Q41: NA | R41: 0.44576738 | S41: -0.55044161 | T41: NA | U41: NA | V41: NA | W41: NA | X41: NA | Y41: NA | Z41: NA | AA41: NA | AB41: NA | AC41: NA | AD41: NA | AE41: NA | AF41: NA | AG41: NA | AH41: NA | AI41: NA | AJ41: NA | AK41: NA | AL41: NA | AM41: NA | AN41: NA | AO41: NA | AP41: NA | AQ41: NA | AR41: NA | AS41: NA | AT41: NA | AU41: NA | AV41: NA | AW41: NA | AX41: NA | AY41: NA | AZ41: NA | BA41: NA | BB41: NA | BC41: NA | BD41: NA | BE41: NA | BF41: NA | BG41: NA | BH41: NA | BI41: NA | BJ41: NA | BK41: NA | BL41: NA | BM41: NA | BN41: NA | BO41: NA | BP41: NA | BQ41: NA | BR41: NA | BS41: NA | BT41: NA | BU41: NA | BV41: NA | BW41: NA | BX41: NA | BY41: NA | BZ41: NA | CA41: NA | CB41: NA | CC41: NA | CD41: NA | CE41: NA | CF41: NA | CG41: NA | CH41: NA | CI41: NA
A42: Adenosine | B42: =VLOOKUP(A42,MOA!$C$2:$D$1253,2,FALSE) -> Adenosine receptor agonist | C42: 3 | D42: 0 | E42: Inf | F42: NA | G42: NA | H42: NA | I42: NA | J42: NA | K42: NA | L42: NA | M42: NA | N42: NA | O42: NA | P42: NA | Q42: NA | R42: NA | S42: 0.39143697 | T42: NA | U42: NA | V42: NA | W42: NA | X42: NA | Y42: NA | Z42: NA | AA42: NA | AB42: NA | AC42: NA | AD42: NA | AE42: NA | AF42: NA | AG42: NA | AH42: NA | AI42: NA | AJ42: NA | AK42: NA | AL42: NA | AM42: NA | AN42: NA | AO42: NA | AP42: NA | AQ42: NA | AR42: NA | AS42: NA | AT42: NA | AU42: NA | AV42: NA | AW42: 0.46583413 | AX42: NA | AY42: NA | AZ42: NA | BA42: NA | BB42: NA | BC42: NA | BD42: NA | BE42: NA | BF42: NA | BG42: NA | BH42: 0.4583656 | BI42: NA | BJ42: NA | BK42: NA | BL42: NA | BM42: NA | BN42: NA | BO42: NA | BP42: NA | BQ42: NA | BR42: NA | BS42: NA | BT42: NA | BU42: NA | BV42: NA | BW42: NA | BX42: NA | BY42: NA | BZ42: NA | CA42: NA | CB42: NA | CC42: NA | CD42: NA | CE42: NA | CF42: NA | CG42: NA | CH42: NA | CI42: NA
A43: Mefloquine | B43: =VLOOKUP(A43,MOA!$C$2:$D$1253,2,FALSE) -> Adenosine receptor antagonist|Hemoglobin antagonist | C43: 1 | D43: 3 | E43: 0.33333333 | F43: NA | G43: NA | H43: NA | I43: NA | J43: NA | K43: NA | L43: NA | M43: NA | N43: NA | O43: NA | P43: NA | Q43: NA | R43: -0.46843721 | S43: NA | T43: NA | U43: NA | V43: NA | W43: NA | X43: NA | Y43: NA | Z43: NA | AA43: NA | AB43: -0.60914765 | AC43: 0.4817272 | AD43: NA | AE43: NA | AF43: NA | AG43: NA | AH43: NA | AI43: NA | AJ43: NA | AK43: NA | AL43: NA | AM43: NA | AN43: NA | AO43: NA | AP43: NA | AQ43: NA | AR43: NA | AS43: NA | AT43: NA | AU43: NA | AV43: NA | AW43: -0.41703971 | AX43: NA | AY43: NA | AZ43: NA | BA43: NA | BB43: NA | BC43: NA | BD43: NA | BE43: NA | BF43: NA | BG43: NA | BH43: NA | BI43: NA | BJ43: NA | BK43: NA | BL43: NA | BM43: NA | BN43: NA | BO43: NA | BP43: NA | BQ43: NA | BR43: NA | BS43: NA | BT43: NA | BU43: NA | BV43: NA | BW43: NA | BX43: NA | BY43: NA | BZ43: NA | CA43: NA | CB43: NA | CC43: NA | CD43: NA | CE43: NA | CF43: NA | CG43: NA | CH43: NA | CI43: NA
A44: (S, R)-Mefloquine | B44: =VLOOKUP(A44,MOA!$C$2:$D$1253,2,FALSE) -> Adenosine receptor antagonist|Hemoglobin antagonist | C44: 0 | D44: 2 | E44: 0 | F44: NA | G44: NA | H44: NA | I44: NA | J44: NA | K44: NA | L44: NA | M44: NA | N44: NA | O44: NA | P44: NA | Q44: NA | R44: -0.38959471 | S44: NA | T44: NA | U44: NA | V44: NA | W44: NA | X44: NA | Y44: NA | Z44: NA | AA44: NA | AB44: NA | AC44: -0.57544154 | AD44: NA | AE44: NA | AF44: NA | AG44: NA | AH44: NA | AI44: NA | AJ44: NA | AK44: NA | AL44: NA | AM44: NA | AN44: NA | AO44: NA | AP44: NA | AQ44: NA | AR44: NA | AS44: NA | AT44: NA | AU44: NA | AV44: NA | AW44: NA | AX44: NA | AY44: NA | AZ44: NA | BA44: NA | BB44: NA | BC44: NA | BD44: NA | BE44: NA | BF44: NA | BG44: NA | BH44: NA | BI44: NA | BJ44: NA | BK44: NA | BL44: NA | BM44: NA | BN44: NA | BO44: NA | BP44: NA | BQ44: NA | BR44: NA | BS44: NA | BT44: NA | BU44: NA | BV44: NA | BW44: NA | BX44: NA | BY44: NA | BZ44: NA | CA44: NA | CB44: NA | CC44: NA | CD44: NA | CE44: NA | CF44: NA | CG44: NA | CH44: NA | CI44: NA
A45: Dilazep | B45: =VLOOKUP(A45,MOA!$C$2:$D$1253,2,FALSE) -> Adenosine reuptake inhibitor | C45: 2 | D45: 0 | E45: Inf | F45: NA | G45: NA | H45: NA | I45: NA | J45: NA | K45: NA | L45: NA | M45: NA | N45: NA | O45: NA | P45: NA | Q45: NA | R45: 0.55028535 | S45: NA | T45: NA | U45: NA | V45: NA | W45: NA | X45: NA | Y45: NA | Z45: NA | AA45: NA | AB45: NA | AC45: NA | AD45: NA | AE45: NA | AF45: NA | AG45: NA | AH45: NA | AI45: NA | AJ45: NA | AK45: NA | AL45: NA | AM45: NA | AN45: NA | AO45: NA | AP45: NA | AQ45: NA | AR45: NA | AS45: NA | AT45: NA | AU45: NA | AV45: NA | AW45: NA | AX45: NA | AY45: NA | AZ45: NA | BA45: NA | BB45: NA | BC45: NA | BD45: NA | BE45: NA | BF45: NA | BG45: NA | BH45: 0.4513794 | BI45: NA | BJ45: NA | BK45: NA | BL45: NA | BM45: NA | BN45: NA | BO45: NA | BP45: NA | BQ45: NA | BR45: NA | BS45: NA | BT45: NA | BU45: NA | BV45: NA | BW45: NA | BX45: NA | BY45: NA | BZ45: NA | CA45: NA | CB45: NA | CC45: NA | CD45: NA | CE45: NA | CF45: NA | CG45: NA | CH45: NA | CI45: NA
A46: Propentofylline | B46: =VLOOKUP(A46,MOA!$C$2:$D$1253,2,FALSE) -> Adenosine reuptake inhibitor|Phosphodiesterase inhibitor | C46: 1 | D46: 5 | E46: 0.2 | F46: NA | G46: NA | H46: NA | I46: -0.52845196 | J46: NA | K46: NA | L46: NA | M46: NA | N46: NA | O46: NA | P46: NA | Q46: NA | R46: -0.51351743 | S46: -0.4520867 | T46: NA | U46: NA | V46: NA | W46: NA | X46: NA | Y46: NA | Z46: NA | AA46: NA | AB46: 0.41774983 | AC46: -0.4042788 | AD46: NA | AE46: NA | AF46: NA | AG46: NA | AH46: NA | AI46: NA | AJ46: NA | AK46: NA | AL46: NA | AM46: NA | AN46: NA | AO46: NA | AP46: NA | AQ46: NA | AR46: NA | AS46: NA | AT46: NA | AU46: NA | AV46: NA | AW46: -0.48026454 | AX46: NA | AY46: NA | AZ46: NA | BA46: NA | BB46: NA | BC46: NA | BD46: NA | BE46: NA | BF46: NA | BG46: NA | BH46: NA | BI46: NA | BJ46: NA | BK46: NA | BL46: NA | BM46: NA | BN46: NA | BO46: NA | BP46: NA | BQ46: NA | BR46: NA | BS46: NA | BT46: NA | BU46: NA | BV46: NA | BW46: NA | BX46: NA | BY46: NA | BZ46: NA | CA46: NA | CB46: NA | CC46: NA | CD46: NA | CE46: NA | CF46: NA | CG46: NA | CH46: NA | CI46: NA
A47: Colforsin | B47: =VLOOKUP(A47,MOA!$C$2:$D$1253,2,FALSE) -> Adenylyl cyclase activator | C47: 3 | D47: 2 | E47: 1.5 | F47: NA | G47: NA | H47: NA | I47: -0.42008448 | J47: NA | K47: NA | L47: NA | M47: 0.40209663 | N47: NA | O47: NA | P47: NA | Q47: NA | R47: 0.41864245 | S47: -0.39911187 | T47: NA | U47: NA | V47: NA | W47: NA | X47: NA | Y47: NA | Z47: NA | AA47: NA | AB47: NA | AC47: NA | AD47: NA | AE47: NA | AF47: NA | AG47: NA | AH47: NA | AI47: NA | AJ47: NA | AK47: NA | AL47: NA | AM47: NA | AN47: NA | AO47: NA | AP47: NA | AQ47: NA | AR47: NA | AS47: NA | AT47: NA | AU47: NA | AV47: NA | AW47: NA | AX47: NA | AY47: NA | AZ47: NA | BA47: NA | BB47: NA | BC47: NA | BD47: NA | BE47: NA | BF47: NA | BG47: NA | BH47: 0.46187881 | BI47: NA | BJ47: NA | BK47: NA | BL47: NA | BM47: NA | BN47: NA | BO47: NA | BP47: NA | BQ47: NA | BR47: NA | BS47: NA | BT47: NA | BU47: NA | BV47: NA | BW47: NA | BX47: NA | BY47: NA | BZ47: NA | CA47: NA | CB47: NA | CC47: NA | CD47: NA | CE47: NA | CF47: NA | CG47: NA | CH47: NA | CI47: NA
A48: Nefazodone | B48: =VLOOKUP(A48,MOA!$C$2:$D$1253,2,FALSE) -> Adrenergic inhibitor|Norepinephrine reuptake inhibitor|Serotonin receptor antagonist|Serotonin reuptake inhibitor | C48: 1 | D48: 1 | E48: 1 | F48: NA | G48: NA | H48: NA | I48: 0.44179516 | J48: NA | K48: NA | L48: NA | M48: NA | N48: NA | O48: NA | P48: NA | Q48: NA | R48: NA | S48: NA | T48: NA | U48: NA | V48: NA | W48: NA | X48: NA | Y48: NA | Z48: NA | AA48: NA | AB48: NA | AC48: -0.46798918 | AD48: NA | AE48: NA | AF48: NA | AG48: NA | AH48: NA | AI48: NA | AJ48: NA | AK48: NA | AL48: NA | AM48: NA | AN48: NA | AO48: NA | AP48: NA | AQ48: NA | AR48: NA | AS48: NA | AT48: NA | AU48: NA | AV48: NA | AW48: NA | AX48: NA | AY48: NA | AZ48: NA | BA48: NA | BB48: NA | BC48: NA | BD48: NA | BE48: NA | BF48: NA | BG48: NA | BH48: NA | BI48: NA | BJ48: NA | BK48: NA | BL48: NA | BM48: NA | BN48: NA | BO48: NA | BP48: NA | BQ48: NA | BR48: NA | BS48: NA | BT48: NA | BU48: NA | BV48: NA | BW48: NA | BX48: NA | BY48: NA | BZ48: NA | CA48: NA | CB48: NA | CC48: NA | CD48: NA | CE48: NA | CF48: NA | CG48: NA | CH48: NA | CI48: NA
A49: Venlafaxine | B49: =VLOOKUP(A49,MOA!$C$2:$D$1253,2,FALSE) -> Adrenergic inhibitor|Norepinephrine reuptake inhibitor|Serotonin reuptake inhibitor | C49: 2 | D49: 0 | E49: Inf | F49: NA | G49: NA | H49: NA | I49: NA | J49: NA | K49: NA | L49: NA | M49: NA | N49: NA | O49: NA | P49: NA | Q49: NA | R49: NA | S49: NA | T49: NA | U49: NA | V49: NA | W49: NA | X49: NA | Y49: NA | Z49: NA | AA49: NA | AB49: 0.47371931 | AC49: NA | AD49: NA | AE49: NA | AF49: NA | AG49: NA | AH49: NA | AI49: NA | AJ49: NA | AK49: NA | AL49: NA | AM49: NA | AN49: NA | AO49: NA | AP49: NA | AQ49: NA | AR49: NA | AS49: NA | AT49: NA | AU49: NA | AV49: NA | AW49: NA | AX49: NA | AY49: NA | AZ49: NA | BA49: NA | BB49: NA | BC49: NA | BD49: NA | BE49: NA | BF49: NA | BG49: NA | BH49: 0.56508363 | BI49: NA | BJ49: NA | BK49: NA | BL49: NA | BM49: NA | BN49: NA | BO49: NA | BP49: NA | BQ49: NA | BR49: NA | BS49: NA | BT49: NA | BU49: NA | BV49: NA | BW49: NA | BX49: NA | BY49: NA | BZ49: NA | CA49: NA | CB49: NA | CC49: NA | CD49: NA | CE49: NA | CF49: NA | CG49: NA | CH49: NA | CI49: NA
A50: Bambuterol | B50: =VLOOKUP(A50,MOA!$C$2:$D$1253,2,FALSE) -> Adrenergic receptor agonist | C50: 1 | D50: 2 | E50: 0.5 | F50: NA | G50: NA | H50: NA | I50: NA | J50: NA | K50: NA | L50: NA | M50: NA | N50: NA | O50: NA | P50: NA | Q50: NA | R50: 0.42554997 | S50: NA | T50: NA | U50: NA | V50: NA | W50: NA | X50: NA | Y50: NA | Z50: NA | AA50: NA | AB50: -0.44115491 | AC50: NA | AD50: NA | AE50: NA | AF50: NA | AG50: NA | AH50: NA | AI50: NA | AJ50: NA | AK50: NA | AL50: NA | AM50: NA | AN50: NA | AO50: NA | AP50: NA | AQ50: NA | AR50: NA | AS50: NA | AT50: NA | AU50: NA | AV50: NA | AW50: -0.47994286 | AX50: NA | AY50: NA | AZ50: NA | BA50: NA | BB50: NA | BC50: NA | BD50: NA | BE50: NA | BF50: NA | BG50: NA | BH50: NA | BI50: NA | BJ50: NA | BK50: NA | BL50: NA | BM50: NA | BN50: NA | BO50: NA | BP50: NA | BQ50: NA | BR50: NA | BS50: NA | BT50: NA | BU50: NA | BV50: NA | BW50: NA | BX50: NA | BY50: NA | BZ50: NA | CA50: NA | CB50: NA | CC50: NA | CD50: NA | CE50: NA | CF50: NA | CG50: NA | CH50: NA | CI50: NA
A51: Mephentermine | B51: =VLOOKUP(A51,MOA!$C$2:$D$1253,2,FALSE) -> Adrenergic receptor agonist | C51: 1 | D51: 1 | E51: 1 | F51: NA | G51: NA | H51: NA | I51: NA | J51: NA | K51: NA | L51: NA | M51: NA | N51: NA | O51: NA | P51: NA | Q51: NA | R51: NA | S51: NA | T51: -0.38155467 | U51: NA | V51: NA | W51: NA | X51: NA | Y51: NA | Z51: NA | AA51: NA | AB51: NA | AC51: NA | AD51: NA | AE51: NA | AF51: NA | AG51: NA | AH51: NA | AI51: NA | AJ51: NA | AK51: NA | AL51: NA | AM51: NA | AN51: NA | AO51: NA | AP51: NA | AQ51: NA | AR51: NA | AS51: NA | AT51: NA | AU51: NA | AV51: NA | AW51: 0.49544671 | AX51: NA | AY51: NA | AZ51: NA | BA51: NA | BB51: NA | BC51: NA | BD51: NA | BE51: NA | BF51: NA | BG51: NA | BH51: NA | BI51: NA | BJ51: NA | BK51: NA | BL51: NA | BM51: NA | BN51: NA | BO51: NA | BP51: NA | BQ51: NA | BR51: NA | BS51: NA | BT51: NA | BU51: NA | BV51: NA | BW51: NA | BX51: NA | BY51: NA | BZ51: NA | CA51: NA | CB51: NA | CC51: NA | CD51: NA | CE51: NA | CF51: NA | CG51: NA | CH51: NA | CI51: NA
A52: Dobutamine | B52: =VLOOKUP(A52,MOA!$C$2:$D$1253,2,FALSE) -> Adrenergic receptor agonist | C52: 0 | D52: 2 | E52: 0 | F52: NA | G52: NA | H52: NA | I52: -0.37872366 | J52: NA | K52: NA | L52: NA | M52: NA | N52: NA | O52: NA | P52: NA | Q52: NA | R52: -0.3909836 | S52: NA | T52: NA | U52: NA | V52: NA | W52: NA | X52: NA | Y52: NA | Z52: NA | AA52: NA | AB52: NA | AC52: NA | AD52: NA | AE52: NA | AF52: NA | AG52: NA | AH52: NA | AI52: NA | AJ52: NA | AK52: NA | AL52: NA | AM52: NA | AN52: NA | AO52: NA | AP52: NA | AQ52: NA | AR52: NA | AS52: NA | AT52: NA | AU52: NA | AV52: NA | AW52: NA | AX52: NA | AY52: NA | AZ52: NA | BA52: NA | BB52: NA | BC52: NA | BD52: NA | BE52: NA | BF52: NA | BG52: NA | BH52: NA | BI52: NA | BJ52: NA | BK52: NA | BL52: NA | BM52: NA | BN52: NA | BO52: NA | BP52: NA | BQ52: NA | BR52: NA | BS52: NA | BT52: NA | BU52: NA | BV52: NA | BW52: NA | BX52: NA | BY52: NA | BZ52: NA | CA52: NA | CB52: NA | CC52: NA | CD52: NA | CE52: NA | CF52: NA | CG52: NA | CH52: NA | CI52: NA
A53: Diethylpropion | B53: =VLOOKUP(A53,MOA!$C$2:$D$1253,2,FALSE) -> Adrenergic receptor agonist | C53: 1 | D53: 1 | E53: 1 | F53: NA | G53: NA | H53: NA | I53: NA | J53: NA | K53: NA | L53: NA | M53: NA | N53: NA | O53: NA | P53: NA | Q53: NA | R53: 0.65087731 | S53: NA | T53: NA | U53: NA | V53: NA | W53: NA | X53: NA | Y53: NA | Z53: NA | AA53: NA | AB53: NA | AC53: NA | AD53: NA | AE53: NA | AF53: NA | AG53: NA | AH53: NA | AI53: NA | AJ53: NA | AK53: NA | AL53: NA | AM53: NA | AN53: NA | AO53: NA | AP53: NA | AQ53: NA | AR53: NA | AS53: NA | AT53: NA | AU53: NA | AV53: NA | AW53: -0.34834516 | AX53: NA | AY53: NA | AZ53: NA | BA53: NA | BB53: NA | BC53: NA | BD53: NA | BE53: NA | BF53: NA | BG53: NA | BH53: NA | BI53: NA | BJ53: NA | BK53: NA | BL53: NA | BM53: NA | BN53: NA | BO53: NA | BP53: NA | BQ53: NA | BR53: NA | BS53: NA | BT53: NA | BU53: NA | BV53: NA | BW53: NA | BX53: NA | BY53: NA | BZ53: NA | CA53: NA | CB53: NA | CC53: NA | CD53: NA | CE53: NA | CF53: NA | CG53: NA | CH53: NA | CI53: NA
A54: Procaterol | B54: =VLOOKUP(A54,MOA!$C$2:$D$1253,2,FALSE) -> Adrenergic receptor agonist | C54: 1 | D54: 1 | E54: 1 | F54: NA | G54: NA | H54: NA | I54: NA | J54: NA | K54: NA | L54: NA | M54: NA | N54: -0.34591339 | O54: NA | P54: NA | Q54: NA | R54: 0.4950048 | S54: NA | T54: NA | U54: NA | V54: NA | W54: NA | X54: NA | Y54: NA | Z54: NA | AA54: NA | AB54: NA | AC54: NA | AD54: NA | AE54: NA | AF54: NA | AG54: NA | AH54: NA | AI54: NA | AJ54: NA | AK54: NA | AL54: NA | AM54: NA | AN54: NA | AO54: NA | AP54: NA | AQ54: NA | AR54: NA | AS54: NA | AT54: NA | AU54: NA | AV54: NA | AW54: NA | AX54: NA | AY54: NA | AZ54: NA | BA54: NA | BB54: NA | BC54: NA | BD54: NA | BE54: NA | BF54: NA | BG54: NA | BH54: NA | BI54: NA | BJ54: NA | BK54: NA | BL54: NA | BM54: NA | BN54: NA | BO54: NA | BP54: NA | BQ54: NA | BR54: NA | BS54: NA | BT54: NA | BU54: NA | BV54: NA | BW54: NA | BX54: NA | BY54: NA | BZ54: NA | CA54: NA | CB54: NA | CC54: NA | CD54: NA | CE54: NA | CF54: NA | CG54: NA | CH54: NA | CI54: NA
A55: Tizanidine | B55: =VLOOKUP(A55,MOA!$C$2:$D$1253,2,FALSE) -> Adrenergic receptor agonist | C55: 1 | D55: 2 | E55: 0.5 | F55: NA | G55: NA | H55: NA | I55: NA | J55: NA | K55: NA | L55: NA | M55: NA | N55: NA | O55: NA | P55: NA | Q55: NA | R55: NA | S55: NA | T55: NA | U55: NA | V55: NA | W55: NA | X55: NA | Y55: NA | Z55: NA | AA55: NA | AB55: NA | AC55: -0.51829891 | AD55: NA | AE55: NA | AF55: NA | AG55: NA | AH55: NA | AI55: NA | AJ55: NA | AK55: NA | AL55: NA | AM55: NA | AN55: NA | AO55: NA | AP55: NA | AQ55: NA | AR55: NA | AS55: NA | AT55: NA | AU55: NA | AV55: NA | AW55: 0.43423191 | AX55: NA | AY55: NA | AZ55: NA | BA55: NA | BB55: NA | BC55: NA | BD55: NA | BE55: NA | BF55: NA | BG55: NA | BH55: -0.33945656 | BI55: NA | BJ55: NA | BK55: NA | BL55: NA | BM55: NA | BN55: NA | BO55: NA | BP55: NA | BQ55: NA | BR55: NA | BS55: NA | BT55: NA | BU55: NA | BV55: NA | BW55: NA | BX55: NA | BY55: NA | BZ55: NA | CA55: NA | CB55: NA | CC55: NA | CD55: NA | CE55: NA | CF55: NA | CG55: NA | CH55: NA | CI55: NA
A56: Oxymetazoline | B56: =VLOOKUP(A56,MOA!$C$2:$D$1253,2,FALSE) -> Adrenergic receptor agonist | C56: 0 | D56: 3 | E56: 0 | F56: NA | G56: NA | H56: NA | I56: NA | J56: NA | K56: NA | L56: NA | M56: NA | N56: -0.57007649 | O56: NA | P56: NA | Q56: NA | R56: NA | S56: NA | T56: -0.63545763 | U56: NA | V56: NA | W56: NA | X56: NA | Y56: NA | Z56: NA | AA56: NA | AB56: NA | AC56: -0.52880496 | AD56: NA | AE56: NA | AF56: NA | AG56: NA | AH56: NA | AI56: NA | AJ56: NA | AK56: NA | AL56: NA | AM56: NA | AN56: NA | AO56: NA | AP56: NA | AQ56: NA | AR56: NA | AS56: NA | AT56: NA | AU56: NA | AV56: NA | AW56: NA | AX56: NA | AY56: NA | AZ56: NA | BA56: NA | BB56: NA | BC56: NA | BD56: NA | BE56: NA | BF56: NA | BG56: NA | BH56: NA | BI56: NA | BJ56: NA | BK56: NA | BL56: NA | BM56: NA | BN56: NA | BO56: NA | BP56: NA | BQ56: NA | BR56: NA | BS56: NA | BT56: NA | BU56: NA | BV56: NA | BW56: NA | BX56: NA | BY56: NA | BZ56: NA | CA56: NA | CB56: NA | CC56: NA | CD56: NA | CE56: NA | CF56: NA | CG56: NA | CH56: NA | CI56: NA
A57: Clonidine | B57: =VLOOKUP(A57,MOA!$C$2:$D$1253,2,FALSE) -> Adrenergic receptor agonist | C57: 7 | D57: 1 | E57: 7 | F57: NA | G57: NA | H57: NA | I57: 0.45443571 | J57: NA | K57: NA | L57: NA | M57: NA | N57: 0.39823922 | O57: NA | P57: NA | Q57: NA | R57: -0.49116185 | S57: NA | T57: NA | U57: NA | V57: NA | W57: NA | X57: NA | Y57: NA | Z57: NA | AA57: NA | AB57: 0.46739143 | AC57: NA | AD57: NA | AE57: 0.60301222 | AF57: NA | AG57: NA | AH57: NA | AI57: NA | AJ57: NA | AK57: NA | AL57: NA | AM57: NA | AN57: NA | AO57: NA | AP57: NA | AQ57: NA | AR57: NA | AS57: NA | AT57: NA | AU57: NA | AV57: NA | AW57: NA | AX57: 0.47250827 | AY57: NA | AZ57: NA | BA57: NA | BB57: 0.40246037 | BC57: NA | BD57: NA | BE57: NA | BF57: NA | BG57: NA | BH57: NA | BI57: NA | BJ57: NA | BK57: NA | BL57: NA | BM57: NA | BN57: 0.52953395 | BO57: NA | BP57: NA | BQ57: NA | BR57: NA | BS57: NA | BT57: NA | BU57: NA | BV57: NA | BW57: NA | BX57: NA | BY57: NA | BZ57: NA | CA57: NA | CB57: NA | CC57: NA | CD57: NA | CE57: NA | CF57: NA | CG57: NA | CH57: NA | CI57: NA
A58: Epinephrine HCl | B58: =VLOOKUP(A58,MOA!$C$2:$D$1253,2,FALSE) -> Adrenergic receptor agonist | C58: 1 | D58: 1 | E58: 1 | F58: NA | G58: NA | H58: NA | I58: NA | J58: NA | K58: NA | L58: NA | M58: NA | N58: NA | O58: NA | P58: NA | Q58: NA | R58: 0.41787764 | S58: -0.42473959 | T58: NA | U58: NA | V58: NA | W58: NA | X58: NA | Y58: NA | Z58: NA | AA58: NA | AB58: NA | AC58: NA | AD58: NA | AE58: NA | AF58: NA | AG58: NA | AH58: NA | AI58: NA | AJ58: NA | AK58: NA | AL58: NA | AM58: NA | AN58: NA | AO58: NA | AP58: NA | AQ58: NA | AR58: NA | AS58: NA | AT58: NA | AU58: NA | AV58: NA | AW58: NA | AX58: NA | AY58: NA | AZ58: NA | BA58: NA | BB58: NA | BC58: NA | BD58: NA | BE58: NA | BF58: NA | BG58: NA | BH58: NA | BI58: NA | BJ58: NA | BK58: NA | BL58: NA | BM58: NA | BN58: NA | BO58: NA | BP58: NA | BQ58: NA | BR58: NA | BS58: NA | BT58: NA | BU58: NA | BV58: NA | BW58: NA | BX58: NA | BY58: NA | BZ58: NA | CA58: NA | CB58: NA | CC58: NA | CD58: NA | CE58: NA | CF58: NA | CG58: NA | CH58: NA | CI58: NA
A59: Lofexidine | B59: =VLOOKUP(A59,MOA!$C$2:$D$1253,2,FALSE) -> Adrenergic receptor agonist | C59: 1 | D59: 1 | E59: 1 | F59: NA | G59: NA | H59: NA | I59: -0.39514197 | J59: NA | K59: NA | L59: NA | M59: NA | N59: NA | O59: NA | P59: NA | Q59: NA | R59: NA | S59: NA | T59: NA | U59: NA | V59: NA | W59: NA | X59: NA | Y59: NA | Z59: NA | AA59: NA | AB59: NA | AC59: NA | AD59: NA | AE59: NA | AF59: NA | AG59: NA | AH59: NA | AI59: NA | AJ59: NA | AK59: NA | AL59: NA | AM59: NA | AN59: NA | AO59: NA | AP59: NA | AQ59: NA | AR59: NA | AS59: NA | AT59: NA | AU59: NA | AV59: NA | AW59: 0.3433935 | AX59: NA | AY59: NA | AZ59: NA | BA59: NA | BB59: NA | BC59: NA | BD59: NA | BE59: NA | BF59: NA | BG59: NA | BH59: NA | BI59: NA | BJ59: NA | BK59: NA | BL59: NA | BM59: NA | BN59: NA | BO59: NA | BP59: NA | BQ59: NA | BR59: NA | BS59: NA | BT59: NA | BU59: NA | BV59: NA | BW59: NA | BX59: NA | BY59: NA | BZ59: NA | CA59: NA | CB59: NA | CC59: NA | CD59: NA | CE59: NA | CF59: NA | CG59: NA | CH59: NA | CI59: NA
A60: Midodrine | B60: =VLOOKUP(A60,MOA!$C$2:$D$1253,2,FALSE) -> Adrenergic receptor agonist | C60: 2 | D60: 0 | E60: Inf | F60: NA | G60: NA | H60: NA | I60: NA | J60: NA | K60: NA | L60: NA | M60: NA | N60: NA | O60: NA | P60: NA | Q60: NA | R60: 0.60532333 | S60: NA | T60: 0.51141421 | U60: NA | V60: NA | W60: NA | X60: NA | Y60: NA | Z60: NA | AA60: NA | AB60: NA | AC60: NA | AD60: NA | AE60: NA | AF60: NA | AG60: NA | AH60: NA | AI60: NA | AJ60: NA | AK60: NA | AL60: NA | AM60: NA | AN60: NA | AO60: NA | AP60: NA | AQ60: NA | AR60: NA | AS60: NA | AT60: NA | AU60: NA | AV60: NA | AW60: NA | AX60: NA | AY60: NA | AZ60: NA | BA60: NA | BB60: NA | BC60: NA | BD60: NA | BE60: NA | BF60: NA | BG60: NA | BH60: NA | BI60: NA | BJ60: NA | BK60: NA | BL60: NA | BM60: NA | BN60: NA | BO60: NA | BP60: NA | BQ60: NA | BR60: NA | BS60: NA | BT60: NA | BU60: NA | BV60: NA | BW60: NA | BX60: NA | BY60: NA | BZ60: NA | CA60: NA | CB60: NA | CC60: NA | CD60: NA | CE60: NA | CF60: NA | CG60: NA | CH60: NA | CI60: NA
A61: Salmeterol | B61: =VLOOKUP(A61,MOA!$C$2:$D$1253,2,FALSE) -> Adrenergic receptor agonist | C61: 2 | D61: 0 | E61: Inf | F61: NA | G61: NA | H61: NA | I61: NA | J61: NA | K61: NA | L61: NA | M61: NA | N61: NA | O61: NA | P61: NA | Q61: NA | R61: NA | S61: NA | T61: 0.32986723 | U61: NA | V61: NA | W61: NA | X61: NA | Y61: NA | Z61: NA | AA61: NA | AB61: NA | AC61: 0.52733916 | AD61: NA | AE61: NA | AF61: NA | AG61: NA | AH61: NA | AI61: NA | AJ61: NA | AK61: NA | AL61: NA | AM61: NA | AN61: NA | AO61: NA | AP61: NA | AQ61: NA | AR61: NA | AS61: NA | AT61: NA | AU61: NA | AV61: NA | AW61: NA | AX61: NA | AY61: NA | AZ61: NA | BA61: NA | BB61: NA | BC61: NA | BD61: NA | BE61: NA | BF61: NA | BG61: NA | BH61: NA | BI61: NA | BJ61: NA | BK61: NA | BL61: NA | BM61: NA | BN61: NA | BO61: NA | BP61: NA | BQ61: NA | BR61: NA | BS61: NA | BT61: NA | BU61: NA | BV61: NA | BW61: NA | BX61: NA | BY61: NA | BZ61: NA | CA61: NA | CB61: NA | CC61: NA | CD61: NA | CE61: NA | CF61: NA | CG61: NA | CH61: NA | CI61: NA
A62: Dipivefrin | B62: =VLOOKUP(A62,MOA!$C$2:$D$1253,2,FALSE) -> Adrenergic receptor agonist | C62: 2 | D62: 0 | E62: Inf | F62: NA | G62: NA | H62: NA | I62: 0.57745595 | J62: NA | K62: NA | L62: NA | M62: NA | N62: NA | O62: NA | P62: NA | Q62: NA | R62: NA | S62: NA | T62: NA | U62: NA | V62: NA | W62: NA | X62: NA | Y62: NA | Z62: NA | AA62: NA | AB62: NA | AC62: 0.49231934 | AD62: NA | AE62: NA | AF62: NA | AG62: NA | AH62: NA | AI62: NA | AJ62: NA | AK62: NA | AL62: NA | AM62: NA | AN62: NA | AO62: NA | AP62: NA | AQ62: NA | AR62: NA | AS62: NA | AT62: NA | AU62: NA | AV62: NA | AW62: NA | AX62: NA | AY62: NA | AZ62: NA | BA62: NA | BB62: NA | BC62: NA | BD62: NA | BE62: NA | BF62: NA | BG62: NA | BH62: NA | BI62: NA | BJ62: NA | BK62: NA | BL62: NA | BM62: NA | BN62: NA | BO62: NA | BP62: NA | BQ62: NA | BR62: NA | BS62: NA | BT62: NA | BU62: NA | BV62: NA | BW62: NA | BX62: NA | BY62: NA | BZ62: NA | CA62: NA | CB62: NA | CC62: NA | CD62: NA | CE62: NA | CF62: NA | CG62: NA | CH62: NA | CI62: NA
A63: Naphazoline | B63: =VLOOKUP(A63,MOA!$C$2:$D$1253,2,FALSE) -> Adrenergic receptor agonist | C63: 3 | D63: 0 | E63: Inf | F63: NA | G63: NA | H63: NA | I63: NA | J63: NA | K63: NA | L63: NA | M63: NA | N63: 0.41705531 | O63: NA | P63: NA | Q63: NA | R63: NA | S63: NA | T63: NA | U63: NA | V63: NA | W63: NA | X63: NA | Y63: NA | Z63: NA | AA63: NA | AB63: NA | AC63: NA | AD63: NA | AE63: NA | AF63: NA | AG63: NA | AH63: NA | AI63: NA | AJ63: NA | AK63: NA | AL63: NA | AM63: NA | AN63: NA | AO63: NA | AP63: NA | AQ63: NA | AR63: NA | AS63: NA | AT63: NA | AU63: NA | AV63: NA | AW63: 0.42118573 | AX63: NA | AY63: NA | AZ63: NA | BA63: NA | BB63: NA | BC63: NA | BD63: NA | BE63: NA | BF63: NA | BG63: NA | BH63: 0.49514216 | BI63: NA | BJ63: NA | BK63: NA | BL63: NA | BM63: NA | BN63: NA | BO63: NA | BP63: NA | BQ63: NA | BR63: NA | BS63: NA | BT63: NA | BU63: NA | BV63: NA | BW63: NA | BX63: NA | BY63: NA | BZ63: NA | CA63: NA | CB63: NA | CC63: NA | CD63: NA | CE63: NA | CF63: NA | CG63: NA | CH63: NA | CI63: NA
A64: Metaproterenol | B64: =VLOOKUP(A64,MOA!$C$2:$D$1253,2,FALSE) -> Adrenergic receptor agonist | C64: 2 | D64: 0 | E64: Inf | F64: NA | G64: NA | H64: NA | I64: NA | J64: NA | K64: NA | L64: NA | M64: NA | N64: 0.65499018 | O64: NA | P64: NA | Q64: NA | R64: NA | S64: NA | T64: NA | U64: NA | V64: NA | W64: NA | X64: NA | Y64: NA | Z64: NA | AA64: NA | AB64: NA | AC64: 0.35308278 | AD64: NA | AE64: NA | AF64: NA | AG64: NA | AH64: NA | AI64: NA | AJ64: NA | AK64: NA | AL64: NA | AM64: NA | AN64: NA | AO64: NA | AP64: NA | AQ64: NA | AR64: NA | AS64: NA | AT64: NA | AU64: NA | AV64: NA | AW64: NA | AX64: NA | AY64: NA | AZ64: NA | BA64: NA | BB64: NA | BC64: NA | BD64: NA | BE64: NA | BF64: NA | BG64: NA | BH64: NA | BI64: NA | BJ64: NA | BK64: NA | BL64: NA | BM64: NA | BN64: NA | BO64: NA | BP64: NA | BQ64: NA | BR64: NA | BS64: NA | BT64: NA | BU64: NA | BV64: NA | BW64: NA | BX64: NA | BY64: NA | BZ64: NA | CA64: NA | CB64: NA | CC64: NA | CD64: NA | CE64: NA | CF64: NA | CG64: NA | CH64: NA | CI64: NA
A65: Fenoterol | B65: =VLOOKUP(A65,MOA!$C$2:$D$1253,2,FALSE) -> Adrenergic receptor agonist | C65: 2 | D65: 0 | E65: Inf | F65: NA | G65: NA | H65: NA | I65: NA | J65: NA | K65: NA | L65: NA | M65: 0.48885541 | N65: NA | O65: NA | P65: NA | Q65: NA | R65: NA | S65: NA | T65: NA | U65: NA | V65: NA | W65: NA | X65: NA | Y65: NA | Z65: NA | AA65: NA | AB65: NA | AC65: 0.4304149 | AD65: NA | AE65: NA | AF65: NA | AG65: NA | AH65: NA | AI65: NA | AJ65: NA | AK65: NA | AL65: NA | AM65: NA | AN65: NA | AO65: NA | AP65: NA | AQ65: NA | AR65: NA | AS65: NA | AT65: NA | AU65: NA | AV65: NA | AW65: NA | AX65: NA | AY65: NA | AZ65: NA | BA65: NA | BB65: NA | BC65: NA | BD65: NA | BE65: NA | BF65: NA | BG65: NA | BH65: NA | BI65: NA | BJ65: NA | BK65: NA | BL65: NA | BM65: NA | BN65: NA | BO65: NA | BP65: NA | BQ65: NA | BR65: NA | BS65: NA | BT65: NA | BU65: NA | BV65: NA | BW65: NA | BX65: NA | BY65: NA | BZ65: NA | CA65: NA | CB65: NA | CC65: NA | CD65: NA | CE65: NA | CF65: NA | CG65: NA | CH65: NA | CI65: NA
A66: Formoterol | B66: =VLOOKUP(A66,MOA!$C$2:$D$1253,2,FALSE) -> Adrenergic receptor agonist | C66: 3 | D66: 0 | E66: Inf | F66: NA | G66: NA | H66: NA | I66: NA | J66: NA | K66: NA | L66: NA | M66: NA | N66: NA | O66: NA | P66: NA | Q66: NA | R66: NA | S66: 0.43419557 | T66: NA | U66: NA | V66: NA | W66: NA | X66: NA | Y66: NA | Z66: NA | AA66: NA | AB66: NA | AC66: 0.43500616 | AD66: NA | AE66: NA | AF66: NA | AG66: NA | AH66: NA | AI66: NA | AJ66: NA | AK66: NA | AL66: NA | AM66: NA | AN66: NA | AO66: NA | AP66: NA | AQ66: NA | AR66: NA | AS66: NA | AT66: NA | AU66: NA | AV66: NA | AW66: NA | AX66: NA | AY66: NA | AZ66: NA | BA66: NA | BB66: NA | BC66: NA | BD66: NA | BE66: NA | BF66: NA | BG66: NA | BH66: 0.38651701 | BI66: NA | BJ66: NA | BK66: NA | BL66: NA | BM66: NA | BN66: NA | BO66: NA | BP66: NA | BQ66: NA | BR66: NA | BS66: NA | BT66: NA | BU66: NA | BV66: NA | BW66: NA | BX66: NA | BY66: NA | BZ66: NA | CA66: NA | CB66: NA | CC66: NA | CD66: NA | CE66: NA | CF66: NA | CG66: NA | CH66: NA | CI66: NA
A67: N-Acetyloctopamine | B67: Adrenergic receptor agonist | C67: 2 | D67: 0 | E67: Inf | F67: NA | G67: NA | H67: NA | I67: NA | J67: NA | K67: NA | L67: 0.34094087 | M67: NA | N67: NA | O67: NA | P67: NA | Q67: NA | R67: NA | S67: NA | T67: NA | U67: NA | V67: NA | W67: NA | X67: NA | Y67: NA | Z67: NA | AA67: NA | AB67: NA | AC67: NA | AD67: NA | AE67: NA | AF67: NA | AG67: NA | AH67: NA | AI67: NA | AJ67: NA | AK67: NA | AL67: NA | AM67: NA | AN67: NA | AO67: NA | AP67: NA | AQ67: NA | AR67: NA | AS67: NA | AT67: NA | AU67: NA | AV67: NA | AW67: NA | AX67: NA | AY67: NA | AZ67: NA | BA67: NA | BB67: NA | BC67: NA | BD67: NA | BE67: NA | BF67: NA | BG67: NA | BH67: NA | BI67: NA | BJ67: NA | BK67: NA | BL67: NA | BM67: NA | BN67: NA | BO67: NA | BP67: NA | BQ67: NA | BR67: NA | BS67: NA | BT67: NA | BU67: NA | BV67: NA | BW67: NA | BX67: NA | BY67: NA | BZ67: NA | CA67: 0.49920785 | CB67: NA | CC67: NA | CD67: NA | CE67: NA | CF67: NA | CG67: NA | CH67: NA | CI67: NA
A68: Rilmenidine | B68: =VLOOKUP(A68,MOA!$C$2:$D$1253,2,FALSE) -> Adrenergic receptor agonist|Imidazoline receptor agonist | C68: 4 | D68: 3 | E68: 1.3333333 | F68: NA | G68: NA | H68: NA | I68: -0.44981866 | J68: NA | K68: NA | L68: NA | M68: NA | N68: NA | O68: NA | P68: NA | Q68: NA | R68: NA | S68: -0.5123189 | T68: NA | U68: NA | V68: NA | W68: NA | X68: NA | Y68: NA | Z68: NA | AA68: NA | AB68: 0.38836726 | AC68: NA | AD68: NA | AE68: NA | AF68: NA | AG68: NA | AH68: NA | AI68: NA | AJ68: 0.39056634 | AK68: NA | AL68: 0.64624599 | AM68: NA | AN68: NA | AO68: NA | AP68: NA | AQ68: NA | AR68: NA | AS68: NA | AT68: NA | AU68: NA | AV68: NA | AW68: NA | AX68: NA | AY68: NA | AZ68: NA | BA68: NA | BB68: NA | BC68: NA | BD68: NA | BE68: NA | BF68: NA | BG68: NA | BH68: NA | BI68: NA | BJ68: NA | BK68: NA | BL68: NA | BM68: NA | BN68: NA | BO68: NA | BP68: NA | BQ68: NA | BR68: -0.47356461 | BS68: 0.39000921 | BT68: NA | BU68: NA | BV68: NA | BW68: NA | BX68: NA | BY68: NA | BZ68: NA | CA68: NA | CB68: NA | CC68: NA | CD68: NA | CE68: NA | CF68: NA | CG68: NA | CH68: NA | CI68: NA
A69: Cyclobenzaprine | B69: =VLOOKUP(A69,MOA!$C$2:$D$1253,2,FALSE) -> Adrenergic receptor agonist|Serotonin receptor agonist | C69: 2 | D69: 1 | E69: 2 | F69: NA | G69: NA | H69: NA | I69: 0.39223069 | J69: NA | K69: NA | L69: NA | M69: NA | N69: NA | O69: NA | P69: NA | Q69: NA | R69: NA | S69: 0.45024695 | T69: NA | U69: NA | V69: NA | W69: NA | X69: NA | Y69: NA | Z69: NA | AA69: NA | AB69: NA | AC69: NA | AD69: NA | AE69: NA | AF69: NA | AG69: NA | AH69: NA | AI69: NA | AJ69: NA | AK69: NA | AL69: NA | AM69: NA | AN69: NA | AO69: NA | AP69: NA | AQ69: NA | AR69: NA | AS69: NA | AT69: NA | AU69: NA | AV69: NA | AW69: -0.39988262 | AX69: NA | AY69: NA | AZ69: NA | BA69: NA | BB69: NA | BC69: NA | BD69: NA | BE69: NA | BF69: NA | BG69: NA | BH69: NA | BI69: NA | BJ69: NA | BK69: NA | BL69: NA | BM69: NA | BN69: NA | BO69: NA | BP69: NA | BQ69: NA | BR69: NA | BS69: NA | BT69: NA | BU69: NA | BV69: NA | BW69: NA | BX69: NA | BY69: NA | BZ69: NA | CA69: NA | CB69: NA | CC69: NA | CD69: NA | CE69: NA | CF69: NA | CG69: NA | CH69: NA | CI69: NA
A70: Ergoatetrine | B70: =VLOOKUP(A70,MOA!$C$2:$D$1253,2,FALSE) -> Adrenergic receptor agonist|Serotonin receptor agonist | C70: 2 | D70: 0 | E70: Inf | F70: NA | G70: NA | H70: NA | I70: 0.4452734 | J70: NA | K70: NA | L70: NA | M70: NA | N70: NA | O70: NA | P70: NA | Q70: NA | R70: NA | S70: NA | T70: NA | U70: NA | V70: NA | W70: NA | X70: NA | Y70: NA | Z70: NA | AA70: NA | AB70: NA | AC70: NA | AD70: NA | AE70: NA | AF70: NA | AG70: NA | AH70: NA | AI70: NA | AJ70: 0.48521478 | AK70: NA | AL70: NA | AM70: NA | AN70: NA | AO70: NA | AP70: NA | AQ70: NA | AR70: NA | AS70: NA | AT70: NA | AU70: NA | AV70: NA | AW70: NA | AX70: NA | AY70: NA | AZ70: NA | BA70: NA | BB70: NA | BC70: NA | BD70: NA | BE70: NA | BF70: NA | BG70: NA | BH70: NA | BI70: NA | BJ70: NA | BK70: NA | BL70: NA | BM70: NA | BN70: NA | BO70: NA | BP70: NA | BQ70: NA | BR70: NA | BS70: NA | BT70: NA | BU70: NA | BV70: NA | BW70: NA | BX70: NA | BY70: NA | BZ70: NA | CA70: NA | CB70: NA | CC70: NA | CD70: NA | CE70: NA | CF70: NA | CG70: NA | CH70: NA | CI70: NA
A71: Phenoxybenzamine | B71: =VLOOKUP(A71,MOA!$C$2:$D$1253,2,FALSE) -> Adrenergic receptor alpha antagonist | C71: 1 | D71: 1 | E71: 1 | F71: NA | G71: NA | H71: NA | I71: NA | J71: NA | K71: NA | L71: NA | M71: NA | N71: NA | O71: NA | P71: NA | Q71: NA | R71: NA | S71: NA | T71: -0.40720991 | U71: NA | V71: NA | W71: NA | X71: NA | Y71: NA | Z71: NA | AA71: NA | AB71: NA | AC71: 0.33701523 | AD71: NA | AE71: NA | AF71: NA | AG71: NA | AH71: NA | AI71: NA | AJ71: NA | AK71: NA | AL71: NA | AM71: NA | AN71: NA | AO71: NA | AP71: NA | AQ71: NA | AR71: NA | AS71: NA | AT71: NA | AU71: NA | AV71: NA | AW71: NA | AX71: NA | AY71: NA | AZ71: NA | BA71: NA | BB71: NA | BC71: NA | BD71: NA | BE71: NA | BF71: NA | BG71: NA | BH71: NA | BI71: NA | BJ71: NA | BK71: NA | BL71: NA | BM71: NA | BN71: NA | BO71: NA | BP71: NA | BQ71: NA | BR71: NA | BS71: NA | BT71: NA | BU71: NA | BV71: NA | BW71: NA | BX71: NA | BY71: NA | BZ71: NA | CA71: NA | CB71: NA | CC71: NA | CD71: NA | CE71: NA | CF71: NA | CG71: NA | CH71: NA | CI71: NA
A72: Phenylephrine | B72: =VLOOKUP(A72,MOA!$C$2:$D$1253,2,FALSE) -> Adrenergic receptor alpha-1 agonist | C72: 2 | D72: 0 | E72: Inf | F72: NA | G72: NA | H72: NA | I72: NA | J72: NA | K72: NA | L72: NA | M72: NA | N72: NA | O72: NA | P72: NA | Q72: NA | R72: NA | S72: 0.69036534 | T72: NA | U72: NA | V72: NA | W72: NA | X72: NA | Y72: NA | Z72: NA | AA72: NA | AB72: NA | AC72: NA | AD72: NA | AE72: NA | AF72: NA | AG72: NA | AH72: NA | AI72: NA | AJ72: NA | AK72: NA | AL72: NA | AM72: NA | AN72: NA | AO72: NA | AP72: NA | AQ72: NA | AR72: NA | AS72: NA | AT72: NA | AU72: NA | AV72: NA | AW72: NA | AX72: NA | AY72: NA | AZ72: NA | BA72: NA | BB72: NA | BC72: NA | BD72: NA | BE72: NA | BF72: NA | BG72: NA | BH72: 0.39699579 | BI72: NA | BJ72: NA | BK72: NA | BL72: NA | BM72: NA | BN72: NA | BO72: NA | BP72: NA | BQ72: NA | BR72: NA | BS72: NA | BT72: NA | BU72: NA | BV72: NA | BW72: NA | BX72: NA | BY72: NA | BZ72: NA | CA72: NA | CB72: NA | CC72: NA | CD72: NA | CE72: NA | CF72: NA | CG72: NA | CH72: NA | CI72: NA
A73: Prazosin | B73: =VLOOKUP(A73,MOA!$C$2:$D$1253,2,FALSE) -> Adrenergic receptor alpha-1 antagonist | C73: 1 | D73: 2 | E73: 0.5 | F73: NA | G73: NA | H73: NA | I73: NA | J73: NA | K73: NA | L73: 0.40736594 | M73: NA | N73: NA | O73: NA | P73: NA | Q73: NA | R73: -0.63834391 | S73: NA | T73: NA | U73: NA | V73: NA | W73: NA | X73: NA | Y73: NA | Z73: NA | AA73: NA | AB73: NA | AC73: NA | AD73: NA | AE73: NA | AF73: NA | AG73: NA | AH73: NA | AI73: NA | AJ73: -0.39953265 | AK73: NA | AL73: NA | AM73: NA | AN73: NA | AO73: NA | AP73: NA | AQ73: NA | AR73: NA | AS73: NA | AT73: NA | AU73: NA | AV73: NA | AW73: NA | AX73: NA | AY73: NA | AZ73: NA | BA73: NA | BB73: NA | BC73: NA | BD73: NA | BE73: NA | BF73: NA | BG73: NA | BH73: NA | BI73: NA | BJ73: NA | BK73: NA | BL73: NA | BM73: NA | BN73: NA | BO73: NA | BP73: NA | BQ73: NA | BR73: NA | BS73: NA | BT73: NA | BU73: NA | BV73: NA | BW73: NA | BX73: NA | BY73: NA | BZ73: NA | CA73: NA | CB73: NA | CC73: NA | CD73: NA | CE73: NA | CF73: NA | CG73: NA | CH73: NA | CI73: NA
A74: Sotalol | B74: =VLOOKUP(A74,MOA!$C$2:$D$1253,2,FALSE) -> Adrenergic receptor antagonist | C74: 1 | D74: 2 | E74: 0.5 | F74: NA | G74: NA | H74: NA | I74: NA | J74: NA | K74: NA | L74: NA | M74: NA | N74: NA | O74: NA | P74: NA | Q74: NA | R74: NA | S74: NA | T74: NA | U74: NA | V74: NA | W74: NA | X74: NA | Y74: NA | Z74: NA | AA74: NA | AB74: NA | AC74: 0.60159252 | AD74: NA | AE74: NA | AF74: NA | AG74: NA | AH74: NA | AI74: NA | AJ74: -0.33703209 | AK74: NA | AL74: NA | AM74: NA | AN74: NA | AO74: NA | AP74: NA | AQ74: NA | AR74: NA | AS74: NA | AT74: NA | AU74: NA | AV74: NA | AW74: -0.63155791 | AX74: NA | AY74: NA | AZ74: NA | BA74: NA | BB74: NA | BC74: NA | BD74: NA | BE74: NA | BF74: NA | BG74: NA | BH74: NA | BI74: NA | BJ74: NA | BK74: NA | BL74: NA | BM74: NA | BN74: NA | BO74: NA | BP74: NA | BQ74: NA | BR74: NA | BS74: NA | BT74: NA | BU74: NA | BV74: NA | BW74: NA | BX74: NA | BY74: NA | BZ74: NA | CA74: NA | CB74: NA | CC74: NA | CD74: NA | CE74: NA | CF74: NA | CG74: NA | CH74: NA | CI74: NA
A75: Vinburnine | B75: =VLOOKUP(A75,MOA!$C$2:$D$1253,2,FALSE) -> Adrenergic receptor antagonist | C75: 0 | D75: 4 | E75: 0 | F75: NA | G75: NA | H75: NA | I75: NA | J75: NA | K75: NA | L75: NA | M75: NA | N75: NA | O75: NA | P75: NA | Q75: NA | R75: NA | S75: -0.57847617 | T75: NA | U75: NA | V75: NA | W75: NA | X75: NA | Y75: NA | Z75: NA | AA75: NA | AB75: NA | AC75: NA | AD75: NA | AE75: NA | AF75: NA | AG75: NA | AH75: NA | AI75: NA | AJ75: -0.33261157 | AK75: NA | AL75: NA | AM75: NA | AN75: NA | AO75: NA | AP75: NA | AQ75: NA | AR75: NA | AS75: NA | AT75: NA | AU75: NA | AV75: NA | AW75: -0.45393519 | AX75: NA | AY75: NA | AZ75: NA | BA75: NA | BB75: NA | BC75: NA | BD75: NA | BE75: NA | BF75: NA | BG75: NA | BH75: -0.38300508 | BI75: NA | BJ75: NA | BK75: NA | BL75: NA | BM75: NA | BN75: NA | BO75: NA | BP75: NA | BQ75: NA | BR75: NA | BS75: NA | BT75: NA | BU75: NA | BV75: NA | BW75: NA | BX75: NA | BY75: NA | BZ75: NA | CA75: NA | CB75: NA | CC75: NA | CD75: NA | CE75: NA | CF75: NA | CG75: NA | CH75: NA | CI75: NA
A76: Esmolol | B76: =VLOOKUP(A76,MOA!$C$2:$D$1253,2,FALSE) -> Adrenergic receptor antagonist | C76: 2 | D76: 2 | E76: 1 | F76: NA | G76: NA | H76: NA | I76: NA | J76: NA | K76: NA | L76: NA | M76: NA | N76: NA | O76: NA | P76: NA | Q76: NA | R76: -0.39708676 | S76: NA | T76: NA | U76: NA | V76: NA | W76: NA | X76: NA | Y76: NA | Z76: NA | AA76: NA | AB76: NA | AC76: 0.38351528 | AD76: NA | AE76: NA | AF76: NA | AG76: NA | AH76: NA | AI76: NA | AJ76: NA | AK76: NA | AL76: NA | AM76: NA | AN76: NA | AO76: NA | AP76: NA | AQ76: NA | AR76: NA | AS76: NA | AT76: NA | AU76: NA | AV76: NA | AW76: 0.42438989 | AX76: NA | AY76: NA | AZ76: NA | BA76: NA | BB76: NA | BC76: NA | BD76: NA | BE76: NA | BF76: NA | BG76: NA | BH76: -0.32567221 | BI76: NA | BJ76: NA | BK76: NA | BL76: NA | BM76: NA | BN76: NA | BO76: NA | BP76: NA | BQ76: NA | BR76: NA | BS76: NA | BT76: NA | BU76: NA | BV76: NA | BW76: NA | BX76: NA | BY76: NA | BZ76: NA | CA76: NA | CB76: NA | CC76: NA | CD76: NA | CE76: NA | CF76: NA | CG76: NA | CH76: NA | CI76: NA
A77: Doxazosin | B77: =VLOOKUP(A77,MOA!$C$2:$D$1253,2,FALSE) -> Adrenergic receptor antagonist | C77: 2 | D77: 2 | E77: 1 | F77: NA | G77: NA | H77: NA | I77: NA | J77: NA | K77: NA | L77: NA | M77: NA | N77: NA | O77: NA | P77: NA | Q77: NA | R77: NA | S77: 0.53993918 | T77: NA | U77: NA | V77: NA | W77: NA | X77: NA | Y77: NA | Z77: NA | AA77: NA | AB77: NA | AC77: 0.39439642 | AD77: NA | AE77: NA | AF77: NA | AG77: NA | AH77: NA | AI77: NA | AJ77: NA | AK77: NA | AL77: NA | AM77: NA | AN77: NA | AO77: NA | AP77: NA | AQ77: NA | AR77: NA | AS77: NA | AT77: NA | AU77: NA | AV77: NA | AW77: -0.35330451 | AX77: NA | AY77: NA | AZ77: NA | BA77: NA | BB77: NA | BC77: NA | BD77: NA | BE77: NA | BF77: NA | BG77: NA | BH77: -0.32201563 | BI77: NA | BJ77: NA | BK77: NA | BL77: NA | BM77: NA | BN77: NA | BO77: NA | BP77: NA | BQ77: NA | BR77: NA | BS77: NA | BT77: NA | BU77: NA | BV77: NA | BW77: NA | BX77: NA | BY77: NA | BZ77: NA | CA77: NA | CB77: NA | CC77: NA | CD77: NA | CE77: NA | CF77: NA | CG77: NA | CH77: NA | CI77: NA
A78: Timolol | B78: =VLOOKUP(A78,MOA!$C$2:$D$1253,2,FALSE) -> Adrenergic receptor antagonist | C78: 2 | D78: 1 | E78: 2 | F78: NA | G78: NA | H78: NA | I78: NA | J78: NA | K78: NA | L78: NA | M78: NA | N78: NA | O78: NA | P78: NA | Q78: NA | R78: NA | S78: 0.48173008 | T78: -0.64584136 | U78: NA | V78: NA | W78: NA | X78: NA | Y78: NA | Z78: NA | AA78: NA | AB78: NA | AC78: 0.45590027 | AD78: NA | AE78: NA | AF78: NA | AG78: NA | AH78: NA | AI78: NA | AJ78: NA | AK78: NA | AL78: NA | AM78: NA | AN78: NA | AO78: NA | AP78: NA | AQ78: NA | AR78: NA | AS78: NA | AT78: NA | AU78: NA | AV78: NA | AW78: NA | AX78: NA | AY78: NA | AZ78: NA | BA78: NA | BB78: NA | BC78: NA | BD78: NA | BE78: NA | BF78: NA | BG78: NA | BH78: NA | BI78: NA | BJ78: NA | BK78: NA | BL78: NA | BM78: NA | BN78: NA | BO78: NA | BP78: NA | BQ78: NA | BR78: NA | BS78: NA | BT78: NA | BU78: NA | BV78: NA | BW78: NA | BX78: NA | BY78: NA | BZ78: NA | CA78: NA | CB78: NA | CC78: NA | CD78: NA | CE78: NA | CF78: NA | CG78: NA | CH78: NA | CI78: NA
A79: Carvedilol | B79: =VLOOKUP(A79,MOA!$C$2:$D$1253,2,FALSE) -> Adrenergic receptor antagonist | C79: 2 | D79: 2 | E79: 1 | F79: NA | G79: NA | H79: NA | I79: 0.32319206 | J79: NA | K79: NA | L79: NA | M79: NA | N79: NA | O79: NA | P79: NA | Q79: NA | R79: -0.59441097 | S79: -0.40886743 | T79: NA | U79: NA | V79: NA | W79: NA | X79: NA | Y79: NA | Z79: NA | AA79: NA | AB79: NA | AC79: 0.3855429 | AD79: NA | AE79: NA | AF79: NA | AG79: NA | AH79: NA | AI79: NA | AJ79: NA | AK79: NA | AL79: NA | AM79: NA | AN79: NA | AO79: NA | AP79: NA | AQ79: NA | AR79: NA | AS79: NA | AT79: NA | AU79: NA | AV79: NA | AW79: NA | AX79: NA | AY79: NA | AZ79: NA | BA79: NA | BB79: NA | BC79: NA | BD79: NA | BE79: NA | BF79: NA | BG79: NA | BH79: NA | BI79: NA | BJ79: NA | BK79: NA | BL79: NA | BM79: NA | BN79: NA | BO79: NA | BP79: NA | BQ79: NA | BR79: NA | BS79: NA | BT79: NA | BU79: NA | BV79: NA | BW79: NA | BX79: NA | BY79: NA | BZ79: NA | CA79: NA | CB79: NA | CC79: NA | CD79: NA | CE79: NA | CF79: NA | CG79: NA | CH79: NA | CI79: NA
A80: Atenolol | B80: =VLOOKUP(A80,MOA!$C$2:$D$1253,2,FALSE) -> Adrenergic receptor antagonist | C80: 1 | D80: 2 | E80: 0.5 | F80: NA | G80: NA | H80: NA | I80: NA | J80: NA | K80: NA | L80: NA | M80: NA | N80: NA | O80: NA | P80: NA | Q80: NA | R80: -0.53727312 | S80: NA | T80: 0.49161011 | U80: NA | V80: NA | W80: NA | X80: NA | Y80: NA | Z80: NA | AA80: NA | AB80: NA | AC80: NA | AD80: NA | AE80: NA | AF80: NA | AG80: NA | AH80: NA | AI80: NA | AJ80: NA | AK80: NA | AL80: NA | AM80: NA | AN80: NA | AO80: NA | AP80: NA | AQ80: NA | AR80: NA | AS80: NA | AT80: NA | AU80: NA | AV80: NA | AW80: NA | AX80: NA | AY80: NA | AZ80: NA | BA80: NA | BB80: NA | BC80: NA | BD80: NA | BE80: NA | BF80: NA | BG80: NA | BH80: -0.51340196 | BI80: NA | BJ80: NA | BK80: NA | BL80: NA | BM80: NA | BN80: NA | BO80: NA | BP80: NA | BQ80: NA | BR80: NA | BS80: NA | BT80: NA | BU80: NA | BV80: NA | BW80: NA | BX80: NA | BY80: NA | BZ80: NA | CA80: NA | CB80: NA | CC80: NA | CD80: NA | CE80: NA | CF80: NA | CG80: NA | CH80: NA | CI80: NA
A81: Triacsin C | B81: =VLOOKUP(A81,MOA!$C$2:$D$1253,2,FALSE) -> Adrenergic receptor antagonist | C81: 1 | D81: 3 | E81: 0.33333333 | F81: NA | G81: NA | H81: NA | I81: NA | J81: NA | K81: NA | L81: NA | M81: NA | N81: NA | O81: NA | P81: NA | Q81: NA | R81: NA | S81: NA | T81: NA | U81: NA | V81: NA | W81: NA | X81: NA | Y81: NA | Z81: NA | AA81: NA | AB81: NA | AC81: -0.53627729 | AD81: NA | AE81: 0.40649046 | AF81: NA | AG81: NA | AH81: NA | AI81: NA | AJ81: NA | AK81: NA | AL81: NA | AM81: NA | AN81: NA | AO81: NA | AP81: NA | AQ81: NA | AR81: NA | AS81: NA | AT81: -0.41468117 | AU81: NA | AV81: NA | AW81: NA | AX81: NA | AY81: NA | AZ81: NA | BA81: NA | BB81: NA | BC81: NA | BD81: -0.41690462 | BE81: NA | BF81: NA | BG81: NA | BH81: NA | BI81: NA | BJ81: NA | BK81: NA | BL81: NA | BM81: NA | BN81: NA | BO81: NA | BP81: NA | BQ81: NA | BR81: NA | BS81: NA | BT81: NA | BU81: NA | BV81: NA | BW81: NA | BX81: NA | BY81: NA | BZ81: NA | CA81: NA | CB81: NA | CC81: NA | CD81: NA | CE81: NA | CF81: NA | CG81: NA | CH81: NA | CI81: NA
A82: Phentolamine | B82: =VLOOKUP(A82,MOA!$C$2:$D$1253,2,FALSE) -> Adrenergic receptor antagonist | C82: 3 | D82: 2 | E82: 1.5 | F82: NA | G82: NA | H82: NA | I82: NA | J82: NA | K82: NA | L82: 0.33737553 | M82: NA | N82: NA | O82: NA | P82: NA | Q82: NA | R82: NA | S82: NA | T82: NA | U82: NA | V82: NA | W82: NA | X82: NA | Y82: NA | Z82: NA | AA82: NA | AB82: NA | AC82: -0.52748132 | AD82: NA | AE82: NA | AF82: NA | AG82: NA | AH82: NA | AI82: NA | AJ82: 0.57692607 | AK82: NA | AL82: NA | AM82: NA | AN82: NA | AO82: NA | AP82: NA | AQ82: NA | AR82: NA | AS82: NA | AT82: NA | AU82: NA | AV82: NA | AW82: -0.41231252 | AX82: NA | AY82: NA | AZ82: NA | BA82: NA | BB82: NA | BC82: NA | BD82: NA | BE82: NA | BF82: NA | BG82: NA | BH82: 0.50029231 | BI82: NA | BJ82: NA | BK82: NA | BL82: NA | BM82: NA | BN82: NA | BO82: NA | BP82: NA | BQ82: NA | BR82: NA | BS82: NA | BT82: NA | BU82: NA | BV82: NA | BW82: NA | BX82: NA | BY82: NA | BZ82: NA | CA82: NA | CB82: NA | CC82: NA | CD82: NA | CE82: NA | CF82: NA | CG82: NA | CH82: NA | CI82: NA
A83: Labetalol | B83: =VLOOKUP(A83,MOA!$C$2:$D$1253,2,FALSE) -> Adrenergic receptor antagonist | C83: 3 | D83: 1 | E83: 3 | F83: NA | G83: NA | H83: NA | I83: NA | J83: NA | K83: NA | L83: NA | M83: NA | N83: 0.51611691 | O83: NA | P83: NA | Q83: NA | R83: -0.52186857 | S83: 0.43117155 | T83: NA | U83: NA | V83: NA | W83: NA | X83: NA | Y83: NA | Z83: NA | AA83: NA | AB83: 0.61047642 | AC83: NA | AD83: NA | AE83: NA | AF83: NA | AG83: NA | AH83: NA | AI83: NA | AJ83: NA | AK83: NA | AL83: NA | AM83: NA | AN83: NA | AO83: NA | AP83: NA | AQ83: NA | AR83: NA | AS83: NA | AT83: NA | AU83: NA | AV83: NA | AW83: NA | AX83: NA | AY83: NA | AZ83: NA | BA83: NA | BB83: NA | BC83: NA | BD83: NA | BE83: NA | BF83: NA | BG83: NA | BH83: NA | BI83: NA | BJ83: NA | BK83: NA | BL83: NA | BM83: NA | BN83: NA | BO83: NA | BP83: NA | BQ83: NA | BR83: NA | BS83: NA | BT83: NA | BU83: NA | BV83: NA | BW83: NA | BX83: NA | BY83: NA | BZ83: NA | CA83: NA | CB83: NA | CC83: NA | CD83: NA | CE83: NA | CF83: NA | CG83: NA | CH83: NA | CI83: NA
A84: Imiloxan | B84: =VLOOKUP(A84,MOA!$C$2:$D$1253,2,FALSE) -> Adrenergic receptor antagonist | C84: 1 | D84: 1 | E84: 1 | F84: NA | G84: NA | H84: NA | I84: NA | J84: NA | K84: NA | L84: NA | M84: NA | N84: NA | O84: NA | P84: NA | Q84: NA | R84: NA | S84: 0.65005736 | T84: NA | U84: NA | V84: NA | W84: NA | X84: NA | Y84: NA | Z84: NA | AA84: NA | AB84: NA | AC84: -0.50324751 | AD84: NA | AE84: NA | AF84: NA | AG84: NA | AH84: NA | AI84: NA | AJ84: NA | AK84: NA | AL84: NA | AM84: NA | AN84: NA | AO84: NA | AP84: NA | AQ84: NA | AR84: NA | AS84: NA | AT84: NA | AU84: NA | AV84: NA | AW84: NA | AX84: NA | AY84: NA | AZ84: NA | BA84: NA | BB84: NA | BC84: NA | BD84: NA | BE84: NA | BF84: NA | BG84: NA | BH84: NA | BI84: NA | BJ84: NA | BK84: NA | BL84: NA | BM84: NA | BN84: NA | BO84: NA | BP84: NA | BQ84: NA | BR84: NA | BS84: NA | BT84: NA | BU84: NA | BV84: NA | BW84: NA | BX84: NA | BY84: NA | BZ84: NA | CA84: NA | CB84: NA | CC84: NA | CD84: NA | CE84: NA | CF84: NA | CG84: NA | CH84: NA | CI84: NA
A85: Metoprolol | B85: =VLOOKUP(A85,MOA!$C$2:$D$1253,2,FALSE) -> Adrenergic receptor antagonist | C85: 1 | D85: 1 | E85: 1 | F85: NA | G85: NA | H85: NA | I85: NA | J85: NA | K85: NA | L85: NA | M85: 0.46640118 | N85: NA | O85: NA | P85: NA | Q85: NA | R85: NA | S85: NA | T85: NA | U85: NA | V85: NA | W85: NA | X85: NA | Y85: NA | Z85: NA | AA85: NA | AB85: NA | AC85: -0.45065865 | AD85: NA | AE85: NA | AF85: NA | AG85: NA | AH85: NA | AI85: NA | AJ85: NA | AK85: NA | AL85: NA | AM85: NA | AN85: NA | AO85: NA | AP85: NA | AQ85: NA | AR85: NA | AS85: NA | AT85: NA | AU85: NA | AV85: NA | AW85: NA | AX85: NA | AY85: NA | AZ85: NA | BA85: NA | BB85: NA | BC85: NA | BD85: NA | BE85: NA | BF85: NA | BG85: NA | BH85: NA | BI85: NA | BJ85: NA | BK85: NA | BL85: NA | BM85: NA | BN85: NA | BO85: NA | BP85: NA | BQ85: NA | BR85: NA | BS85: NA | BT85: NA | BU85: NA | BV85: NA | BW85: NA | BX85: NA | BY85: NA | BZ85: NA | CA85: NA | CB85: NA | CC85: NA | CD85: NA | CE85: NA | CF85: NA | CG85: NA | CH85: NA | CI85: NA
A86: Suloctidil | B86: =VLOOKUP(A86,MOA!$C$2:$D$1253,2,FALSE) -> Adrenergic receptor antagonist | C86: 0 | D86: 2 | E86: 0 | F86: NA | G86: NA | H86: NA | I86: NA | J86: NA | K86: NA | L86: NA | M86: NA | N86: NA | O86: NA | P86: NA | Q86: NA | R86: -0.40221338 | S86: -0.40163078 | T86: NA | U86: NA | V86: NA | W86: NA | X86: NA | Y86: NA | Z86: NA | AA86: NA | AB86: NA | AC86: NA | AD86: NA | AE86: NA | AF86: NA | AG86: NA | AH86: NA | AI86: NA | AJ86: NA | AK86: NA | AL86: NA | AM86: NA | AN86: NA | AO86: NA | AP86: NA | AQ86: NA | AR86: NA | AS86: NA | AT86: NA | AU86: NA | AV86: NA | AW86: NA | AX86: NA | AY86: NA | AZ86: NA | BA86: NA | BB86: NA | BC86: NA | BD86: NA | BE86: NA | BF86: NA | BG86: NA | BH86: NA | BI86: NA | BJ86: NA | BK86: NA | BL86: NA | BM86: NA | BN86: NA | BO86: NA | BP86: NA | BQ86: NA | BR86: NA | BS86: NA | BT86: NA | BU86: NA | BV86: NA | BW86: NA | BX86: NA | BY86: NA | BZ86: NA | CA86: NA | CB86: NA | CC86: NA | CD86: NA | CE86: NA | CF86: NA | CG86: NA | CH86: NA | CI86: NA
A87: Oxprenolol | B87: =VLOOKUP(A87,MOA!$C$2:$D$1253,2,FALSE) -> Adrenergic receptor antagonist | C87: 1 | D87: 1 | E87: 1 | F87: NA | G87: NA | H87: NA | I87: NA | J87: NA | K87: NA | L87: NA | M87: NA | N87: NA | O87: NA | P87: NA | Q87: NA | R87: 0.3462164 | S87: NA | T87: NA | U87: NA | V87: NA | W87: NA | X87: NA | Y87: NA | Z87: NA | AA87: NA | AB87: NA | AC87: -0.39890833 | AD87: NA | AE87: NA | AF87: NA | AG87: NA | AH87: NA | AI87: NA | AJ87: NA | AK87: NA | AL87: NA | AM87: NA | AN87: NA | AO87: NA | AP87: NA | AQ87: NA | AR87: NA | AS87: NA | AT87: NA | AU87: NA | AV87: NA | AW87: NA | AX87: NA | AY87: NA | AZ87: NA | BA87: NA | BB87: NA | BC87: NA | BD87: NA | BE87: NA | BF87: NA | BG87: NA | BH87: NA | BI87: NA | BJ87: NA | BK87: NA | BL87: NA | BM87: NA | BN87: NA | BO87: NA | BP87: NA | BQ87: NA | BR87: NA | BS87: NA | BT87: NA | BU87: NA | BV87: NA | BW87: NA | BX87: NA | BY87: NA | BZ87: NA | CA87: NA | CB87: NA | CC87: NA | CD87: NA | CE87: NA | CF87: NA | CG87: NA | CH87: NA | CI87: NA
A88: Pindolol | B88: =VLOOKUP(A88,MOA!$C$2:$D$1253,2,FALSE) -> Adrenergic receptor antagonist | C88: 1 | D88: 1 | E88: 1 | F88: NA | G88: NA | H88: NA | I88: NA | J88: NA | K88: NA | L88: NA | M88: NA | N88: NA | O88: NA | P88: NA | Q88: NA | R88: 0.35709371 | S88: NA | T88: -0.38806513 | U88: NA | V88: NA | W88: NA | X88: NA | Y88: NA | Z88: NA | AA88: NA | AB88: NA | AC88: NA | AD88: NA | AE88: NA | AF88: NA | AG88: NA | AH88: NA | AI88: NA | AJ88: NA | AK88: NA | AL88: NA | AM88: NA | AN88: NA | AO88: NA | AP88: NA | AQ88: NA | AR88: NA | AS88: NA | AT88: NA | AU88: NA | AV88: NA | AW88: NA | AX88: NA | AY88: NA | AZ88: NA | BA88: NA | BB88: NA | BC88: NA | BD88: NA | BE88: NA | BF88: NA | BG88: NA | BH88: NA | BI88: NA | BJ88: NA | BK88: NA | BL88: NA | BM88: NA | BN88: NA | BO88: NA | BP88: NA | BQ88: NA | BR88: NA | BS88: NA | BT88: NA | BU88: NA | BV88: NA | BW88: NA | BX88: NA | BY88: NA | BZ88: NA | CA88: NA | CB88: NA | CC88: NA | CD88: NA | CE88: NA | CF88: NA | CG88: NA | CH88: NA | CI88: NA
A89: Nafronyl | B89: =VLOOKUP(A89,MOA!$C$2:$D$1253,2,FALSE) -> Adrenergic receptor antagonist | C89: 3 | D89: 1 | E89: 3 | F89: NA | G89: NA | H89: NA | I89: NA | J89: NA | K89: NA | L89: NA | M89: NA | N89: NA | O89: NA | P89: NA | Q89: NA | R89: 0.54543496 | S89: 0.40680452 | T89: NA | U89: NA | V89: NA | W89: NA | X89: NA | Y89: NA | Z89: NA | AA89: NA | AB89: 0.48015731 | AC89: NA | AD89: NA | AE89: NA | AF89: NA | AG89: NA | AH89: NA | AI89: NA | AJ89: NA | AK89: NA | AL89: NA | AM89: NA | AN89: NA | AO89: NA | AP89: NA | AQ89: NA | AR89: NA | AS89: NA | AT89: NA | AU89: NA | AV89: NA | AW89: NA | AX89: NA | AY89: NA | AZ89: NA | BA89: NA | BB89: NA | BC89: NA | BD89: NA | BE89: NA | BF89: NA | BG89: NA | BH89: -0.38556942 | BI89: NA | BJ89: NA | BK89: NA | BL89: NA | BM89: NA | BN89: NA | BO89: NA | BP89: NA | BQ89: NA | BR89: NA | BS89: NA | BT89: NA | BU89: NA | BV89: NA | BW89: NA | BX89: NA | BY89: NA | BZ89: NA | CA89: NA | CB89: NA | CC89: NA | CD89: NA | CE89: NA | CF89: NA | CG89: NA | CH89: NA | CI89: NA
A90: Alprenolol | B90: =VLOOKUP(A90,MOA!$C$2:$D$1253,2,FALSE) -> Adrenergic receptor antagonist | C90: 3 | D90: 0 | E90: Inf | F90: NA | G90: NA | H90: NA | I90: 0.47430634 | J90: NA | K90: NA | L90: NA | M90: NA | N90: NA | O90: NA | P90: NA | Q90: NA | R90: 0.46730131 | S90: NA | T90: NA | U90: NA | V90: NA | W90: NA | X90: NA | Y90: NA | Z90: NA | AA90: NA | AB90: NA | AC90: 0.39843584 | AD90: NA | AE90: NA | AF90: NA | AG90: NA | AH90: NA | AI90: NA | AJ90: NA | AK90: NA | AL90: NA | AM90: NA | AN90: NA | AO90: NA | AP90: NA | AQ90: NA | AR90: NA | AS90: NA | AT90: NA | AU90: NA | AV90: NA | AW90: NA | AX90: NA | AY90: NA | AZ90: NA | BA90: NA | BB90: NA | BC90: NA | BD90: NA | BE90: NA | BF90: NA | BG90: NA | BH90: NA | BI90: NA | BJ90: NA | BK90: NA | BL90: NA | BM90: NA | BN90: NA | BO90: NA | BP90: NA | BQ90: NA | BR90: NA | BS90: NA | BT90: NA | BU90: NA | BV90: NA | BW90: NA | BX90: NA | BY90: NA | BZ90: NA | CA90: NA | CB90: NA | CC90: NA | CD90: NA | CE90: NA | CF90: NA | CG90: NA | CH90: NA | CI90: NA
A91: Terazosin | B91: =VLOOKUP(A91,MOA!$C$2:$D$1253,2,FALSE) -> Adrenergic receptor antagonist | C91: 2 | D91: 0 | E91: Inf | F91: NA | G91: NA | H91: NA | I91: NA | J91: NA | K91: NA | L91: NA | M91: NA | N91: 0.45841679 | O91: NA | P91: NA | Q91: NA | R91: 0.39272531 | S91: NA | T91: NA | U91: NA | V91: NA | W91: NA | X91: NA | Y91: NA | Z91: NA | AA91: NA | AB91: NA | AC91: NA | AD91: NA | AE91: NA | AF91: NA | AG91: NA | AH91: NA | AI91: NA | AJ91: NA | AK91: NA | AL91: NA | AM91: NA | AN91: NA | AO91: NA | AP91: NA | AQ91: NA | AR91: NA | AS91: NA | AT91: NA | AU91: NA | AV91: NA | AW91: NA | AX91: NA | AY91: NA | AZ91: NA | BA91: NA | BB91: NA | BC91: NA | BD91: NA | BE91: NA | BF91: NA | BG91: NA | BH91: NA | BI91: NA | BJ91: NA | BK91: NA | BL91: NA | BM91: NA | BN91: NA | BO91: NA | BP91: NA | BQ91: NA | BR91: NA | BS91: NA | BT91: NA | BU91: NA | BV91: NA | BW91: NA | BX91: NA | BY91: NA | BZ91: NA | CA91: NA | CB91: NA | CC91: NA | CD91: NA | CE91: NA | CF91: NA | CG91: NA | CH91: NA | CI91: NA
A92: Bisoprolol | B92: =VLOOKUP(A92,MOA!$C$2:$D$1253,2,FALSE) -> Adrenergic receptor antagonist | C92: 5 | D92: 0 | E92: Inf | F92: NA | G92: NA | H92: NA | I92: 0.4440169 | J92: NA | K92: NA | L92: NA | M92: NA | N92: NA | O92: NA | P92: NA | Q92: NA | R92: 0.43701853 | S92: 0.42932515 | T92: NA | U92: NA | V92: NA | W92: NA | X92: NA | Y92: NA | Z92: NA | AA92: NA | AB92: NA | AC92: NA | AD92: NA | AE92: NA | AF92: NA | AG92: NA | AH92: NA | AI92: NA | AJ92: NA | AK92: NA | AL92: NA | AM92: NA | AN92: NA | AO92: NA | AP92: NA | AQ92: NA | AR92: NA | AS92: NA | AT92: NA | AU92: NA | AV92: NA | AW92: 0.46294039 | AX92: NA | AY92: NA | AZ92: NA | BA92: NA | BB92: NA | BC92: NA | BD92: NA | BE92: NA | BF92: NA | BG92: NA | BH92: 0.54249685 | BI92: NA | BJ92: NA | BK92: NA | BL92: NA | BM92: NA | BN92: NA | BO92: NA | BP92: NA | BQ92: NA | BR92: NA | BS92: NA | BT92: NA | BU92: NA | BV92: NA | BW92: NA | BX92: NA | BY92: NA | BZ92: NA | CA92: NA | CB92: NA | CC92: NA | CD92: NA | CE92: NA | CF92: NA | CG92: NA | CH92: NA | CI92: NA
A93: Nicergoline | B93: =VLOOKUP(A93,MOA!$C$2:$D$1253,2,FALSE) -> Adrenergic receptor antagonist | C93: 3 | D93: 0 | E93: Inf | F93: NA | G93: NA | H93: NA | I93: NA | J93: NA | K93: NA | L93: NA | M93: 0.49710998 | N93: NA | O93: NA | P93: NA | Q93: NA | R93: NA | S93: 0.40838873 | T93: 0.5391183 | U93: NA | V93: NA | W93: NA | X93: NA | Y93: NA | Z93: NA | AA93: NA | AB93: NA | AC93: NA | AD93: NA | AE93: NA | AF93: NA | AG93: NA | AH93: NA | AI93: NA | AJ93: NA | AK93: NA | AL93: NA | AM93: NA | AN93: NA | AO93: NA | AP93: NA | AQ93: NA | AR93: NA | AS93: NA | AT93: NA | AU93: NA | AV93: NA | AW93: NA | AX93: NA | AY93: NA | AZ93: NA | BA93: NA | BB93: NA | BC93: NA | BD93: NA | BE93: NA | BF93: NA | BG93: NA | BH93: NA | BI93: NA | BJ93: NA | BK93: NA | BL93: NA | BM93: NA | BN93: NA | BO93: NA | BP93: NA | BQ93: NA | BR93: NA | BS93: NA | BT93: NA | BU93: NA | BV93: NA | BW93: NA | BX93: NA | BY93: NA | BZ93: NA | CA93: NA | CB93: NA | CC93: NA | CD93: NA | CE93: NA | CF93: NA | CG93: NA | CH93: NA | CI93: NA
A94: Betaxolol | B94: =VLOOKUP(A94,MOA!$C$2:$D$1253,2,FALSE) -> Adrenergic receptor antagonist | C94: 2 | D94: 0 | E94: Inf | F94: NA | G94: NA | H94: NA | I94: NA | J94: NA | K94: NA | L94: NA | M94: NA | N94: NA | O94: NA | P94: NA | Q94: NA | R94: 0.43955857 | S94: NA | T94: NA | U94: NA | V94: NA | W94: NA | X94: NA | Y94: NA | Z94: 0.39135298 | AA94: NA | AB94: NA | AC94: NA | AD94: NA | AE94: NA | AF94: NA | AG94: NA | AH94: NA | AI94: NA | AJ94: NA | AK94: NA | AL94: NA | AM94: NA | AN94: NA | AO94: NA | AP94: NA | AQ94: NA | AR94: NA | AS94: NA | AT94: NA | AU94: NA | AV94: NA | AW94: NA | AX94: NA | AY94: NA | AZ94: NA | BA94: NA | BB94: NA | BC94: NA | BD94: NA | BE94: NA | BF94: NA | BG94: NA | BH94: NA | BI94: NA | BJ94: NA | BK94: NA | BL94: NA | BM94: NA | BN94: NA | BO94: NA | BP94: NA | BQ94: NA | BR94: NA | BS94: NA | BT94: NA | BU94: NA | BV94: NA | BW94: NA | BX94: NA | BY94: NA | BZ94: NA | CA94: NA | CB94: NA | CC94: NA | CD94: NA | CE94: NA | CF94: NA | CG94: NA | CH94: NA | CI94: NA
A95: Reboxetine | B95: =VLOOKUP(A95,MOA!$C$2:$D$1253,2,FALSE) -> Adrenergic receptor antagonist | C95: 2 | D95: 0 | E95: Inf | F95: NA | G95: NA | H95: NA | I95: NA | J95: NA | K95: NA | L95: NA | M95: NA | N95: NA | O95: NA | P95: NA | Q95: NA | R95: 0.42231837 | S95: NA | T95: 0.39319376 | U95: NA | V95: NA | W95: NA | X95: NA | Y95: NA | Z95: NA | AA95: NA | AB95: NA | AC95: NA | AD95: NA | AE95: NA | AF95: NA | AG95: NA | AH95: NA | AI95: NA | AJ95: NA | AK95: NA | AL95: NA | AM95: NA | AN95: NA | AO95: NA | AP95: NA | AQ95: NA | AR95: NA | AS95: NA | AT95: NA | AU95: NA | AV95: NA | AW95: NA | AX95: NA | AY95: NA | AZ95: NA | BA95: NA | BB95: NA | BC95: NA | BD95: NA | BE95: NA | BF95: NA | BG95: NA | BH95: NA | BI95: NA | BJ95: NA | BK95: NA | BL95: NA | BM95: NA | BN95: NA | BO95: NA | BP95: NA | BQ95: NA | BR95: NA | BS95: NA | BT95: NA | BU95: NA | BV95: NA | BW95: NA | BX95: NA | BY95: NA | BZ95: NA | CA95: NA | CB95: NA | CC95: NA | CD95: NA | CE95: NA | CF95: NA | CG95: NA | CH95: NA | CI95: NA
A96: Niguldipine | B96: =VLOOKUP(A96,MOA!$C$2:$D$1253,2,FALSE) -> Adrenergic receptor antagonist|Calcium channel blocker | C96: 2 | D96: 1 | E96: 2 | F96: NA | G96: NA | H96: NA | I96: 0.43520117 | J96: NA | K96: NA | L96: NA | M96: NA | N96: 0.42955483 | O96: NA | P96: NA | Q96: NA | R96: NA | S96: NA | T96: NA | U96: NA | V96: NA | W96: NA | X96: NA | Y96: NA | Z96: NA | AA96: NA | AB96: NA | AC96: NA | AD96: NA | AE96: NA | AF96: NA | AG96: NA | AH96: NA | AI96: NA | AJ96: NA | AK96: NA | AL96: NA | AM96: NA | AN96: NA | AO96: NA | AP96: NA | AQ96: NA | AR96: NA | AS96: NA | AT96: NA | AU96: NA | AV96: NA | AW96: NA | AX96: NA | AY96: NA | AZ96: NA | BA96: NA | BB96: NA | BC96: NA | BD96: NA | BE96: NA | BF96: NA | BG96: NA | BH96: NA | BI96: NA | BJ96: NA | BK96: NA | BL96: -0.40614934 | BM96: NA | BN96: NA | BO96: NA | BP96: NA | BQ96: NA | BR96: NA | BS96: NA | BT96: NA | BU96: NA | BV96: NA | BW96: NA | BX96: NA | BY96: NA | BZ96: NA | CA96: NA | CB96: NA | CC96: NA | CD96: NA | CE96: NA | CF96: NA | CG96: NA | CH96: NA | CI96: NA
A97: Ifenprodil | B97: =VLOOKUP(A97,MOA!$C$2:$D$1253,2,FALSE) -> Adrenergic receptor antagonist|Glutamate receptor antagonist | C97: 2 | D97: 0 | E97: Inf | F97: NA | G97: NA | H97: NA | I97: NA | J97: NA | K97: NA | L97: NA | M97: NA | N97: NA | O97: NA | P97: NA | Q97: NA | R97: 0.48151031 | S97: NA | T97: NA | U97: NA | V97: NA | W97: NA | X97: NA | Y97: NA | Z97: NA | AA97: NA | AB97: NA | AC97: NA | AD97: NA | AE97: NA | AF97: NA | AG97: NA | AH97: NA | AI97: NA | AJ97: 0.32918053 | AK97: NA | AL97: NA | AM97: NA | AN97: NA | AO97: NA | AP97: NA | AQ97: NA | AR97: NA | AS97: NA | AT97: NA | AU97: NA | AV97: NA | AW97: NA | AX97: NA | AY97: NA | AZ97: NA | BA97: NA | BB97: NA | BC97: NA | BD97: NA | BE97: NA | BF97: NA | BG97: NA | BH97: NA | BI97: NA | BJ97: NA | BK97: NA | BL97: NA | BM97: NA | BN97: NA | BO97: NA | BP97: NA | BQ97: NA | BR97: NA | BS97: NA | BT97: NA | BU97: NA | BV97: NA | BW97: NA | BX97: NA | BY97: NA | BZ97: NA | CA97: NA | CB97: NA | CC97: NA | CD97: NA | CE97: NA | CF97: NA | CG97: NA | CH97: NA | CI97: NA
A98: Mirtazapine | B98: =VLOOKUP(A98,MOA!$C$2:$D$1253,2,FALSE) -> Adrenergic receptor antagonist|Serotonin receptor antagonist | C98: 1 | D98: 1 | E98: 1 | F98: NA | G98: NA | H98: NA | I98: -0.3919372 | J98: NA | K98: NA | L98: NA | M98: NA | N98: NA | O98: NA | P98: NA | Q98: NA | R98: NA | S98: NA | T98: NA | U98: NA | V98: NA | W98: NA | X98: NA | Y98: NA | Z98: NA | AA98: NA | AB98: NA | AC98: 0.50846889 | AD98: NA | AE98: NA | AF98: NA | AG98: NA | AH98: NA | AI98: NA | AJ98: NA | AK98: NA | AL98: NA | AM98: NA | AN98: NA | AO98: NA | AP98: NA | AQ98: NA | AR98: NA | AS98: NA | AT98: NA | AU98: NA | AV98: NA | AW98: NA | AX98: NA | AY98: NA | AZ98: NA | BA98: NA | BB98: NA | BC98: NA | BD98: NA | BE98: NA | BF98: NA | BG98: NA | BH98: NA | BI98: NA | BJ98: NA | BK98: NA | BL98: NA | BM98: NA | BN98: NA | BO98: NA | BP98: NA | BQ98: NA | BR98: NA | BS98: NA | BT98: NA | BU98: NA | BV98: NA | BW98: NA | BX98: NA | BY98: NA | BZ98: NA | CA98: NA | CB98: NA | CC98: NA | CD98: NA | CE98: NA | CF98: NA | CG98: NA | CH98: NA | CI98: NA
A99: N-Methyltyramine | B99: =VLOOKUP(A99,MOA!$C$2:$D$1253,2,FALSE) -> Adrenergic receptor antagonist|Trace amine associated receptor agonist | C99: 2 | D99: 0 | E99: Inf | F99: NA | G99: NA | H99: NA | I99: NA | J99: NA | K99: NA | L99: 0.60705058 | M99: NA | N99: NA | O99: NA | P99: NA | Q99: NA | R99: NA | S99: NA | T99: NA | U99: NA | V99: NA | W99: NA | X99: NA | Y99: NA | Z99: NA | AA99: NA | AB99: NA | AC99: NA | AD99: NA | AE99: NA | AF99: NA | AG99: NA | AH99: NA | AI99: NA | AJ99: NA | AK99: NA | AL99: NA | AM99: NA | AN99: NA | AO99: NA | AP99: NA | AQ99: NA | AR99: NA | AS99: NA | AT99: NA | AU99: NA | AV99: NA | AW99: NA | AX99: NA | AY99: NA | AZ99: NA | BA99: NA | BB99: NA | BC99: NA | BD99: NA | BE99: NA | BF99: NA | BG99: NA | BH99: NA | BI99: NA | BJ99: NA | BK99: NA | BL99: NA | BM99: NA | BN99: NA | BO99: NA | BP99: NA | BQ99: NA | BR99: NA | BS99: NA | BT99: NA | BU99: NA | BV99: NA | BW99: NA | BX99: NA | BY99: NA | BZ99: NA | CA99: 0.47485332 | CB99: NA | CC99: NA | CD99: NA | CE99: NA | CF99: NA | CG99: NA | CH99: NA | CI99: NA
A100: PIMAGEDINE HYDROCHLORIDE | B100: =IFERROR(VLOOKUP(A100, [1]Overall!$A$2:$B$1442, 2, FALSE), IFERROR(VLOOKUP(A100, [1]Female!$A$2:$B$1276, 2, FALSE), IFERROR(VLOOKUP(A100, [1]Male!$A$2:$B$1529, 2, FALSE), "Not Found"))) -> Advanced glycation end-product inhibitor | C100: 2 | D100: 0 | E100: Inf | F100: NA | G100: NA | H100: NA | I100: 0.33590847 | J100: NA | K100: NA | L100: NA | M100: NA | N100: NA | O100: NA | P100: NA | Q100: NA | R100: NA | S100: NA | T100: NA | U100: NA | V100: NA | W100: NA | X100: NA | Y100: NA | Z100: NA | AA100: NA | AB100: NA | AC100: NA | AD100: NA | AE100: NA | AF100: NA | AG100: NA | AH100: NA | AI100: NA | AJ100: NA | AK100: NA | AL100: NA | AM100: NA | AN100: NA | AO100: NA | AP100: NA | AQ100: NA | AR100: NA | AS100: NA | AT100: NA | AU100: NA | AV100: NA | AW100: NA | AX100: NA | AY100: NA | AZ100: NA | BA100: NA | BB100: NA | BC100: NA | BD100: NA | BE100: NA | BF100: NA | BG100: NA | BH100: 0.44451751 | BI100: NA | BJ100: NA | BK100: NA | BL100: NA | BM100: NA | BN100: NA | BO100: NA | BP100: NA | BQ100: NA | BR100: NA | BS100: NA | BT100: NA | BU100: NA | BV100: NA | BW100: NA | BX100: NA | BY100: NA | BZ100: NA | CA100: NA | CB100: NA | CC100: NA | CD100: NA | CE100: NA | CF100: NA | CG100: NA | CH100: NA | CI100: NA
...

Sheet Female
A1: compound | B1: MOA | C1: num_concordant | D1: num_discordant | E1: ratio | F1: RMGI | G1: EFO27 | H1: RMUGS | I1: HA1E | J1: SNGM | K1: HEPG2 | L1: NPC | M1: SKB | N1: VCAP | O1: SKLU1 | P1: COV644 | Q1: HEC108 | R1: MCF7 | S1: A375 | T1: HCC515 | U1: MDAMB231 | V1: LNCAP | W1: BT20 | X1: MCF10A | Y1: HME1 | Z1: ASC | AA1: SKBR3 | AB1: HT29 | AC1: PC3 | AD1: HS578T | AE1: SW620 | AF1: SW480 | AG1: CORL23 | AH1: OV7 | AI1: THP1 | AJ1: A549 | AK1: HCT116 | AL1: LOVO | AM1: CD34 | AN1: NOMO1 | AO1: PHH | AP1: NPC.TAK | AQ1: HUVEC | AR1: HEK293T | AS1: RKO | AT1: PL21 | AU1: ASC.C | AV1: SKL | AW1: HELA | AX1: SW948 | AY1: SNU1040 | AZ1: TYKNU | BA1: NCIH1694 | BB1: AGS | BC1: HUH7 | BD1: DV90 | BE1: SKMEL1 | BF1: U937 | BG1: T3M10 | BH1: YAPC | BI1: NCIH2073 | BJ1: MDST8 | BK1: NKDBA | BL1: NEU | BM1: HL60 | BN1: SNUC4 | BO1: U266 | BP1: HUES3 | BQ1: SKL.C | BR1: HCC15 | BS1: A673 | BT1: WSUDLCL2 | BU1: SNUC5 | BV1: SKMEL28 | BW1: NCIH1836 | BX1: NPC.CAS9 | BY1: H1299 | BZ1: JHUEM2 | CA1: FIBRNPC | CB1: NCIH508 | CC1: NCIH596 | CD1: SKM1 | CE1: MNEU.E | CF1: JURKAT | CG1: HT115 | CH1: CL34 | CI1: HS27A
A2: Ursolic acid | B2: =VLOOKUP(A2,MOA!$C$2333:$D$3565,2,FALSE) -> 11-beta hydroxysteroid dehydrogenase inhibitor|Acetylcholinesterase inhibitor|Caspase inhibitor|HIV protease inhibitor|Lipid peroxidase inhibitor|Quorum sensing signaling modulator|Steryl sulfatase inhibitor|Tyrosine phosphatase inhibitor|ATPase inhibitor|NFkB pathway inhibitor|STAT inhibitor | C2: 3 | D2: 1 | E2: 3 | F2: NA | G2: NA | H2: NA | I2: 0.37465619 | J2: NA | K2: NA | L2: NA | M2: NA | N2: NA | O2: NA | P2: NA | Q2: NA | R2: NA | S2: NA | T2: NA | U2: NA | V2: NA | W2: NA | X2: NA | Y2: NA | Z2: NA | AA2: NA | AB2: NA | AC2: NA | AD2: NA | AE2: NA | AF2: NA | AG2: NA | AH2: NA | AI2: NA | AJ2: NA | AK2: NA | AL2: NA | AM2: NA | AN2: NA | AO2: NA | AP2: NA | AQ2: NA | AR2: NA | AS2: NA | AT2: -0.50046254 | AU2: NA | AV2: NA | AW2: NA | AX2: NA | AY2: NA | AZ2: NA | BA2: NA | BB2: NA | BC2: NA | BD2: NA | BE2: NA | BF2: NA | BG2: NA | BH2: 0.41838348 | BI2: NA | BJ2: NA | BK2: NA | BL2: NA | BM2: NA | BN2: NA | BO2: NA | BP2: NA | BQ2: NA | BR2: NA | BS2: 0.32377643 | BT2: NA | BU2: NA | BV2: NA | BW2: NA | BX2: NA | BY2: NA | BZ2: NA | CA2: NA | CB2: NA | CC2: NA | CD2: NA | CE2: NA | CF2: NA | CG2: NA | CH2: NA | CI2: NA
A3: Carbenoxolone | B3: =VLOOKUP(A3,MOA!$C$2333:$D$3565,2,FALSE) -> 11-beta-HSD1 inhibitor | C3: 0 | D3: 2 | E3: 0 | F3: NA | G3: NA | H3: NA | I3: NA | J3: NA | K3: -0.4922964 | L3: NA | M3: NA | N3: NA | O3: NA | P3: NA | Q3: NA | R3: NA | S3: NA | T3: NA | U3: NA | V3: NA | W3: NA | X3: NA | Y3: NA | Z3: NA | AA3: NA | AB3: NA | AC3: -0.4180997 | AD3: NA | AE3: NA | AF3: NA | AG3: NA | AH3: NA | AI3: NA | AJ3: NA | AK3: NA | AL3: NA | AM3: NA | AN3: NA | AO3: NA | AP3: NA | AQ3: NA | AR3: NA | AS3: NA | AT3: NA | AU3: NA | AV3: NA | AW3: NA | AX3: NA | AY3: NA | AZ3: NA | BA3: NA | BB3: NA | BC3: NA | BD3: NA | BE3: NA | BF3: NA | BG3: NA | BH3: NA | BI3: NA | BJ3: NA | BK3: NA | BL3: NA | BM3: NA | BN3: NA | BO3: NA | BP3: NA | BQ3: NA | BR3: NA | BS3: NA | BT3: NA | BU3: NA | BV3: NA | BW3: NA | BX3: NA | BY3: NA | BZ3: NA | CA3: NA | CB3: NA | CC3: NA | CD3: NA | CE3: NA | CF3: NA | CG3: NA | CH3: NA | CI3: NA
A4: Chenodiol | B4: =VLOOKUP(A4,MOA!$C$2333:$D$3565,2,FALSE) -> 11-beta-HSD1 inhibitor|FXR agonist | C4: 1 | D4: 1 | E4: 1 | F4: NA | G4: NA | H4: NA | I4: NA | J4: NA | K4: NA | L4: NA | M4: NA | N4: NA | O4: NA | P4: NA | Q4: NA | R4: NA | S4: NA | T4: NA | U4: NA | V4: NA | W4: NA | X4: NA | Y4: NA | Z4: NA | AA4: NA | AB4: -0.57388365 | AC4: NA | AD4: NA | AE4: NA | AF4: NA | AG4: NA | AH4: NA | AI4: NA | AJ4: 0.49514328 | AK4: NA | AL4: NA | AM4: NA | AN4: NA | AO4: NA | AP4: NA | AQ4: NA | AR4: NA | AS4: NA | AT4: NA | AU4: NA | AV4: NA | AW4: NA | AX4: NA | AY4: NA | AZ4: NA | BA4: NA | BB4: NA | BC4: NA | BD4: NA | BE4: NA | BF4: NA | BG4: NA | BH4: NA | BI4: NA | BJ4: NA | BK4: NA | BL4: NA | BM4: NA | BN4: NA | BO4: NA | BP4: NA | BQ4: NA | BR4: NA | BS4: NA | BT4: NA | BU4: NA | BV4: NA | BW4: NA | BX4: NA | BY4: NA | BZ4: NA | CA4: NA | CB4: NA | CC4: NA | CD4: NA | CE4: NA | CF4: NA | CG4: NA | CH4: NA | CI4: NA
A5: Carfilzomib (PR-171) | B5: =VLOOKUP(A5,MOA!$C$2333:$D$3565,2,FALSE) -> 26S proteosome inhibitor | C5: 4 | D5: 0 | E5: Inf | F5: NA | G5: NA | H5: NA | I5: NA | J5: NA | K5: NA | L5: NA | M5: NA | N5: NA | O5: NA | P5: NA | Q5: NA | R5: 0.42255179 | S5: 0.42041668 | T5: NA | U5: NA | V5: NA | W5: NA | X5: NA | Y5: NA | Z5: NA | AA5: NA | AB5: NA | AC5: 0.48314752 | AD5: NA | AE5: NA | AF5: NA | AG5: NA | AH5: NA | AI5: NA | AJ5: NA | AK5: NA | AL5: NA | AM5: NA | AN5: NA | AO5: NA | AP5: NA | AQ5: NA | AR5: NA | AS5: NA | AT5: NA | AU5: NA | AV5: NA | AW5: NA | AX5: NA | AY5: NA | AZ5: NA | BA5: NA | BB5: NA | BC5: NA | BD5: NA | BE5: NA | BF5: NA | BG5: NA | BH5: 0.52272042 | BI5: NA | BJ5: NA | BK5: NA | BL5: NA | BM5: NA | BN5: NA | BO5: NA | BP5: NA | BQ5: NA | BR5: NA | BS5: NA | BT5: NA | BU5: NA | BV5: NA | BW5: NA | BX5: NA | BY5: NA | BZ5: NA | CA5: NA | CB5: NA | CC5: NA | CD5: NA | CE5: NA | CF5: NA | CG5: NA | CH5: NA | CI5: NA
A6: tropisetron | B6: =IFERROR(VLOOKUP(A6, [1]Overall!$A$2:$B$1442, 2, FALSE), IFERROR(VLOOKUP(A6, [1]Female!$A$2:$B$1276, 2, FALSE), IFERROR(VLOOKUP(A6, [1]Male!$A$2:$B$1529, 2, FALSE), "Not Found"))) -> 5-HT3 receptor antagonist | C6: 1 | D6: 3 | E6: 0.33333333 | F6: NA | G6: NA | H6: NA | I6: -0.38904055 | J6: NA | K6: NA | L6: NA | M6: NA | N6: NA | O6: NA | P6: NA | Q6: NA | R6: NA | S6: 0.37990917 | T6: NA | U6: NA | V6: NA | W6: NA | X6: NA | Y6: NA | Z6: NA | AA6: NA | AB6: -0.34626429 | AC6: NA | AD6: NA | AE6: NA | AF6: NA | AG6: NA | AH6: NA | AI6: NA | AJ6: NA | AK6: NA | AL6: NA | AM6: NA | AN6: NA | AO6: NA | AP6: NA | AQ6: NA | AR6: NA | AS6: NA | AT6: NA | AU6: NA | AV6: NA | AW6: -0.49203935 | AX6: NA | AY6: NA | AZ6: NA | BA6: NA | BB6: NA | BC6: NA | BD6: NA | BE6: NA | BF6: NA | BG6: NA | BH6: NA | BI6: NA | BJ6: NA | BK6: NA | BL6: NA | BM6: NA | BN6: NA | BO6: NA | BP6: NA | BQ6: NA | BR6: NA | BS6: NA | BT6: NA | BU6: NA | BV6: NA | BW6: NA | BX6: NA | BY6: NA | BZ6: NA | CA6: NA | CB6: NA | CC6: NA | CD6: NA | CE6: NA | CF6: NA | CG6: NA | CH6: NA | CI6: NA
A7: Nilotinib | B7: =VLOOKUP(A7,MOA!$C$2333:$D$3565,2,FALSE) -> Abl kinase inhibitor|Bcr-Abl kinase inhibitor | C7: 9 | D7: 5 | E7: 1.8 | F7: NA | G7: NA | H7: NA | I7: 0.54959045 | J7: NA | K7: 0.38174614 | L7: NA | M7: NA | N7: 0.50296308 | O7: NA | P7: NA | Q7: NA | R7: -0.39337724 | S7: 0.46937462 | T7: 0.33699724 | U7: 0.50473207 | V7: NA | W7: 0.34095172 | X7: -0.48516985 | Y7: NA | Z7: NA | AA7: -0.50595653 | AB7: -0.39339338 | AC7: 0.51431319 | AD7: -0.5220008 | AE7: NA | AF7: NA | AG7: NA | AH7: NA | AI7: NA | AJ7: 0.48430571 | AK7: NA | AL7: NA | AM7: NA | AN7: NA | AO7: NA | AP7: NA | AQ7: NA | AR7: NA | AS7: NA | AT7: NA | AU7: NA | AV7: NA | AW7: NA | AX7: NA | AY7: NA | AZ7: NA | BA7: NA | BB7: NA | BC7: NA | BD7: NA | BE7: NA | BF7: NA | BG7: NA | BH7: NA | BI7: NA | BJ7: NA | BK7: NA | BL7: NA | BM7: NA | BN7: NA | BO7: NA | BP7: NA | BQ7: NA | BR7: NA | BS7: NA | BT7: NA | BU7: NA | BV7: NA | BW7: NA | BX7: NA | BY7: NA | BZ7: NA | CA7: NA | CB7: NA | CC7: NA | CD7: NA | CE7: NA | CF7: NA | CG7: NA | CH7: NA | CI7: NA
A8: Bosutinib | B8: =VLOOKUP(A8,MOA!$C$2333:$D$3565,2,FALSE) -> Abl kinase inhibitor|Bcr-Abl kinase inhibitor|Src inhibitor | C8: 5 | D8: 7 | E8: 0.71428571 | F8: NA | G8: NA | H8: NA | I8: 0.45041016 | J8: NA | K8: -0.44976935 | L8: 0.43236362 | M8: NA | N8: NA | O8: NA | P8: NA | Q8: NA | R8: 0.46528754 | S8: NA | T8: -0.38949471 | U8: NA | V8: NA | W8: NA | X8: NA | Y8: NA | Z8: 0.5155075 | AA8: NA | AB8: -0.45675392 | AC8: NA | AD8: NA | AE8: NA | AF8: NA | AG8: NA | AH8: NA | AI8: NA | AJ8: -0.41447485 | AK8: NA | AL8: NA | AM8: NA | AN8: NA | AO8: NA | AP8: NA | AQ8: -0.47174715 | AR8: NA | AS8: NA | AT8: NA | AU8: NA | AV8: NA | AW8: NA | AX8: NA | AY8: NA | AZ8: NA | BA8: NA | BB8: NA | BC8: NA | BD8: NA | BE8: NA | BF8: NA | BG8: NA | BH8: NA | BI8: NA | BJ8: NA | BK8: NA | BL8: 0.40162435 | BM8: NA | BN8: NA | BO8: NA | BP8: NA | BQ8: -0.33492484 | BR8: NA | BS8: NA | BT8: NA | BU8: NA | BV8: NA | BW8: NA | BX8: NA | BY8: NA | BZ8: NA | CA8: NA | CB8: NA | CC8: NA | CD8: NA | CE8: NA | CF8: -0.33367304 | CG8: NA | CH8: NA | CI8: NA
A9: Avasimibe | B9: =IFERROR(VLOOKUP(A9, [1]Overall!$A$2:$B$1442, 2, FALSE), IFERROR(VLOOKUP(A9, [1]Female!$A$2:$B$1276, 2, FALSE), IFERROR(VLOOKUP(A9, [1]Male!$A$2:$B$1529, 2, FALSE), "Not Found"))) -> ACAT inhibitor, lowers cholesterol | C9: 4 | D9: 0 | E9: Inf | F9: NA | G9: NA | H9: NA | I9: NA | J9: NA | K9: NA | L9: NA | M9: NA | N9: NA | O9: NA | P9: NA | Q9: NA | R9: NA | S9: 0.57616455 | T9: NA | U9: NA | V9: NA | W9: NA | X9: NA | Y9: NA | Z9: NA | AA9: NA | AB9: 0.51293966 | AC9: 0.38936718 | AD9: NA | AE9: NA | AF9: NA | AG9: NA | AH9: NA | AI9: NA | AJ9: NA | AK9: NA | AL9: NA | AM9: NA | AN9: NA | AO9: NA | AP9: NA | AQ9: NA | AR9: NA | AS9: NA | AT9: NA | AU9: NA | AV9: NA | AW9: 0.38788032 | AX9: NA | AY9: NA | AZ9: NA | BA9: NA | BB9: NA | BC9: NA | BD9: NA | BE9: NA | BF9: NA | BG9: NA | BH9: NA | BI9: NA | BJ9: NA | BK9: NA | BL9: NA | BM9: NA | BN9: NA | BO9: NA | BP9: NA | BQ9: NA | BR9: NA | BS9: NA | BT9: NA | BU9: NA | BV9: NA | BW9: NA | BX9: NA | BY9: NA | BZ9: NA | CA9: NA | CB9: NA | CC9: NA | CD9: NA | CE9: NA | CF9: NA | CG9: NA | CH9: NA | CI9: NA
A10: Piracetam | B10: =VLOOKUP(A10,MOA!$C$2333:$D$3565,2,FALSE) -> Acetylcholine receptor agonist | C10: 0 | D10: 3 | E10: 0 | F10: NA | G10: NA | H10: NA | I10: NA | J10: NA | K10: NA | L10: NA | M10: NA | N10: NA | O10: NA | P10: NA | Q10: NA | R10: -0.39999988 | S10: NA | T10: NA | U10: NA | V10: NA | W10: NA | X10: NA | Y10: NA | Z10: NA | AA10: NA | AB10: -0.56694714 | AC10: NA | AD10: NA | AE10: NA | AF10: NA | AG10: NA | AH10: NA | AI10: NA | AJ10: NA | AK10: NA | AL10: NA | AM10: NA | AN10: NA | AO10: NA | AP10: NA | AQ10: NA | AR10: NA | AS10: NA | AT10: NA | AU10: NA | AV10: NA | AW10: -0.44017248 | AX10: NA | AY10: NA | AZ10: NA | BA10: NA | BB10: NA | BC10: NA | BD10: NA | BE10: NA | BF10: NA | BG10: NA | BH10: NA | BI10: NA | BJ10: NA | BK10: NA | BL10: NA | BM10: NA | BN10: NA | BO10: NA | BP10: NA | BQ10: NA | BR10: NA | BS10: NA | BT10: NA | BU10: NA | BV10: NA | BW10: NA | BX10: NA | BY10: NA | BZ10: NA | CA10: NA | CB10: NA | CC10: NA | CD10: NA | CE10: NA | CF10: NA | CG10: NA | CH10: NA | CI10: NA
A11: Nicotine | B11: =VLOOKUP(A11,MOA!$C$2333:$D$3565,2,FALSE) -> Acetylcholine receptor agonist | C11: 0 | D11: 4 | E11: 0 | F11: NA | G11: NA | H11: NA | I11: NA | J11: NA | K11: NA | L11: NA | M11: NA | N11: NA | O11: NA | P11: NA | Q11: NA | R11: NA | S11: -0.45086285 | T11: NA | U11: NA | V11: NA | W11: NA | X11: NA | Y11: NA | Z11: NA | AA11: NA | AB11: NA | AC11: -0.50740862 | AD11: NA | AE11: NA | AF11: NA | AG11: NA | AH11: NA | AI11: NA | AJ11: NA | AK11: NA | AL11: NA | AM11: NA | AN11: NA | AO11: NA | AP11: NA | AQ11: NA | AR11: NA | AS11: NA | AT11: NA | AU11: NA | AV11: NA | AW11: -0.4548878 | AX11: NA | AY11: NA | AZ11: NA | BA11: NA | BB11: NA | BC11: NA | BD11: NA | BE11: NA | BF11: NA | BG11: NA | BH11: -0.41059276 | BI11: NA | BJ11: NA | BK11: NA | BL11: NA | BM11: NA | BN11: NA | BO11: NA | BP11: NA | BQ11: NA | BR11: NA | BS11: NA | BT11: NA | BU11: NA | BV11: NA | BW11: NA | BX11: NA | BY11: NA | BZ11: NA | CA11: NA | CB11: NA | CC11: NA | CD11: NA | CE11: NA | CF11: NA | CG11: NA | CH11: NA | CI11: NA
A12: Diphenidol | B12: =VLOOKUP(A12,MOA!$C$2333:$D$3565,2,FALSE) -> Acetylcholine receptor agonist | C12: 0 | D12: 4 | E12: 0 | F12: NA | G12: NA | H12: NA | I12: -0.46531787 | J12: NA | K12: NA | L12: NA | M12: NA | N12: NA | O12: NA | P12: NA | Q12: NA | R12: NA | S12: -0.49599391 | T12: NA | U12: NA | V12: NA | W12: NA | X12: NA | Y12: NA | Z12: NA | AA12: NA | AB12: NA | AC12: -0.42458772 | AD12: NA | AE12: NA | AF12: NA | AG12: NA | AH12: NA | AI12: NA | AJ12: NA | AK12: NA | AL12: NA | AM12: NA | AN12: NA | AO12: NA | AP12: NA | AQ12: NA | AR12: NA | AS12: NA | AT12: NA | AU12: NA | AV12: NA | AW12: NA | AX12: NA | AY12: NA | AZ12: NA | BA12: NA | BB12: NA | BC12: NA | BD12: NA | BE12: NA | BF12: NA | BG12: NA | BH12: -0.38186844 | BI12: NA | BJ12: NA | BK12: NA | BL12: NA | BM12: NA | BN12: NA | BO12: NA | BP12: NA | BQ12: NA | BR12: NA | BS12: NA | BT12: NA | BU12: NA | BV12: NA | BW12: NA | BX12: NA | BY12: NA | BZ12: NA | CA12: NA | CB12: NA | CC12: NA | CD12: NA | CE12: NA | CF12: NA | CG12: NA | CH12: NA | CI12: NA
A13: Pilocarpine | B13: =VLOOKUP(A13,MOA!$C$2333:$D$3565,2,FALSE) -> Acetylcholine receptor agonist | C13: 3 | D13: 2 | E13: 1.5 | F13: NA | G13: NA | H13: NA | I13: 0.47175387 | J13: NA | K13: NA | L13: NA | M13: NA | N13: NA | O13: NA | P13: NA | Q13: NA | R13: 0.51382658 | S13: NA | T13: NA | U13: NA | V13: NA | W13: NA | X13: NA | Y13: NA | Z13: NA | AA13: NA | AB13: -0.45305057 | AC13: 0.41674994 | AD13: NA | AE13: NA | AF13: NA | AG13: NA | AH13: NA | AI13: NA | AJ13: NA | AK13: NA | AL13: NA | AM13: NA | AN13: NA | AO13: NA | AP13: NA | AQ13: NA | AR13: NA | AS13: NA | AT13: NA | AU13: NA | AV13: NA | AW13: NA | AX13: NA | AY13: NA | AZ13: NA | BA13: NA | BB13: NA | BC13: NA | BD13: NA | BE13: NA | BF13: NA | BG13: NA | BH13: -0.34394645 | BI13: NA | BJ13: NA | BK13: NA | BL13: NA | BM13: NA | BN13: NA | BO13: NA | BP13: NA | BQ13: NA | BR13: NA | BS13: NA | BT13: NA | BU13: NA | BV13: NA | BW13: NA | BX13: NA | BY13: NA | BZ13: NA | CA13: NA | CB13: NA | CC13: NA | CD13: NA | CE13: NA | CF13: NA | CG13: NA | CH13: NA | CI13: NA
A14: N-Methyltropan-3-yl 2-(4-bromophenyl)propionate | B14: =VLOOKUP(A14,MOA!$C$2333:$D$3565,2,FALSE) -> Acetylcholine receptor agonist | C14: 2 | D14: 2 | E14: 1 | F14: NA | G14: NA | H14: NA | I14: NA | J14: NA | K14: NA | L14: NA | M14: 0.40223161 | N14: NA | O14: NA | P14: NA | Q14: NA | R14: NA | S14: 0.36650069 | T14: NA | U14: NA | V14: NA | W14: NA | X14: NA | Y14: NA | Z14: NA | AA14: NA | AB14: -0.40653133 | AC14: NA | AD14: NA | AE14: NA | AF14: NA | AG14: NA | AH14: NA | AI14: NA | AJ14: -0.35685873 | AK14: NA | AL14: NA | AM14: NA | AN14: NA | AO14: NA | AP14: NA | AQ14: NA | AR14: NA | AS14: NA | AT14: NA | AU14: NA | AV14: NA | AW14: NA | AX14: NA | AY14: NA | AZ14: NA | BA14: NA | BB14: NA | BC14: NA | BD14: NA | BE14: NA | BF14: NA | BG14: NA | BH14: NA | BI14: NA | BJ14: NA | BK14: NA | BL14: NA | BM14: NA | BN14: NA | BO14: NA | BP14: NA | BQ14: NA | BR14: NA | BS14: NA | BT14: NA | BU14: NA | BV14: NA | BW14: NA | BX14: NA | BY14: NA | BZ14: NA | CA14: NA | CB14: NA | CC14: NA | CD14: NA | CE14: NA | CF14: NA | CG14: NA | CH14: NA | CI14: NA
A15: N-Desmethylclozapine | B15: =VLOOKUP(A15,MOA!$C$2333:$D$3565,2,FALSE) -> Acetylcholine receptor agonist | C15: 0 | D15: 3 | E15: 0 | F15: NA | G15: NA | H15: NA | I15: NA | J15: NA | K15: NA | L15: -0.37509716 | M15: NA | N15: -0.44269037 | O15: NA | P15: NA | Q15: NA | R15: NA | S15: NA | T15: NA | U15: NA | V15: NA | W15: NA | X15: NA | Y15: NA | Z15: NA | AA15: NA | AB15: NA | AC15: NA | AD15: NA | AE15: NA | AF15: NA | AG15: NA | AH15: NA | AI15: NA | AJ15: -0.39805814 | AK15: NA | AL15: NA | AM15: NA | AN15: NA | AO15: NA | AP15: NA | AQ15: NA | AR15: NA | AS15: NA | AT15: NA | AU15: NA | AV15: NA | AW15: NA | AX15: NA | AY15: NA | AZ15: NA | BA15: NA | BB15: NA | BC15: NA | BD15: NA | BE15: NA | BF15: NA | BG15: NA | BH15: NA | BI15: NA | BJ15: NA | BK15: NA | BL15: NA | BM15: NA | BN15: NA | BO15: NA | BP15: NA | BQ15: NA | BR15: NA | BS15: NA | BT15: NA | BU15: NA | BV15: NA | BW15: NA | BX15: NA | BY15: NA | BZ15: NA | CA15: NA | CB15: NA | CC15: NA | CD15: NA | CE15: NA | CF15: NA | CG15: NA | CH15: NA | CI15: NA
A16: Piperidolate | B16: =VLOOKUP(A16,MOA!$C$2333:$D$3565,2,FALSE) -> Acetylcholine receptor antagonist | C16: 1 | D16: 1 | E16: 1 | F16: NA | G16: NA | H16: NA | I16: NA | J16: NA | K16: NA | L16: NA | M16: NA | N16: NA | O16: NA | P16: NA | Q16: NA | R16: NA | S16: NA | T16: NA | U16: NA | V16: NA | W16: NA | X16: NA | Y16: NA | Z16: NA | AA16: NA | AB16: -0.5646538 | AC16: 0.46705876 | AD16: NA | AE16: NA | AF16: NA | AG16: NA | AH16: NA | AI16: NA | AJ16: NA | AK16: NA | AL16: NA | AM16: NA | AN16: NA | AO16: NA | AP16: NA | AQ16: NA | AR16: NA | AS16: NA | AT16: NA | AU16: NA | AV16: NA | AW16: NA | AX16: NA | AY16: NA | AZ16: NA | BA16: NA | BB16: NA | BC16: NA | BD16: NA | BE16: NA | BF16: NA | BG16: NA | BH16: NA | BI16: NA | BJ16: NA | BK16: NA | BL16: NA | BM16: NA | BN16: NA | BO16: NA | BP16: NA | BQ16: NA | BR16: NA | BS16: NA | BT16: NA | BU16: NA | BV16: NA | BW16: NA | BX16: NA | BY16: NA | BZ16: NA | CA16: NA | CB16: NA | CC16: NA | CD16: NA | CE16: NA | CF16: NA | CG16: NA | CH16: NA | CI16: NA
A17: Tubocurarine | B17: =VLOOKUP(A17,MOA!$C$2333:$D$3565,2,FALSE) -> Acetylcholine receptor antagonist | C17: 0 | D17: 2 | E17: 0 | F17: NA | G17: NA | H17: NA | I17: NA | J17: NA | K17: NA | L17: NA | M17: NA | N17: -0.40981423 | O17: NA | P17: NA | Q17: NA | R17: NA | S17: NA | T17: NA | U17: NA | V17: NA | W17: NA | X17: NA | Y17: NA | Z17: NA | AA17: NA | AB17: NA | AC17: -0.50773161 | AD17: NA | AE17: NA | AF17: NA | AG17: NA | AH17: NA | AI17: NA | AJ17: NA | AK17: NA | AL17: NA | AM17: NA | AN17: NA | AO17: NA | AP17: NA | AQ17: NA | AR17: NA | AS17: NA | AT17: NA | AU17: NA | AV17: NA | AW17: NA | AX17: NA | AY17: NA | AZ17: NA | BA17: NA | BB17: NA | BC17: NA | BD17: NA | BE17: NA | BF17: NA | BG17: NA | BH17: NA | BI17: NA | BJ17: NA | BK17: NA | BL17: NA | BM17: NA | BN17: NA | BO17: NA | BP17: NA | BQ17: NA | BR17: NA | BS17: NA | BT17: NA | BU17: NA | BV17: NA | BW17: NA | BX17: NA | BY17: NA | BZ17: NA | CA17: NA | CB17: NA | CC17: NA | CD17: NA | CE17: NA | CF17: NA | CG17: NA | CH17: NA | CI17: NA
A18: Dicyclomine | B18: =VLOOKUP(A18,MOA!$C$2333:$D$3565,2,FALSE) -> Acetylcholine receptor antagonist | C18: 0 | D18: 2 | E18: 0 | F18: NA | G18: NA | H18: NA | I18: NA | J18: NA | K18: NA | L18: -0.43074716 | M18: NA | N18: NA | O18: NA | P18: NA | Q18: NA | R18: -0.39103443 | S18: NA | T18: NA | U18: NA | V18: NA | W18: NA | X18: NA | Y18: NA | Z18: NA | AA18: NA | AB18: NA | AC18: NA | AD18: NA | AE18: NA | AF18: NA | AG18: NA | AH18: NA | AI18: NA | AJ18: NA | AK18: NA | AL18: NA | AM18: NA | AN18: NA | AO18: NA | AP18: NA | AQ18: NA | AR18: NA | AS18: NA | AT18: NA | AU18: NA | AV18: NA | AW18: NA | AX18: NA | AY18: NA | AZ18: NA | BA18: NA | BB18: NA | BC18: NA | BD18: NA | BE18: NA | BF18: NA | BG18: NA | BH18: NA | BI18: NA | BJ18: NA | BK18: NA | BL18: NA | BM18: NA | BN18: NA | BO18: NA | BP18: NA | BQ18: NA | BR18: NA | BS18: NA | BT18: NA | BU18: NA | BV18: NA | BW18: NA | BX18: NA | BY18: NA | BZ18: NA | CA18: NA | CB18: NA | CC18: NA | CD18: NA | CE18: NA | CF18: NA | CG18: NA | CH18: NA | CI18: NA
A19: Orphenadrine | B19: =VLOOKUP(A19,MOA!$C$2333:$D$3565,2,FALSE) -> Acetylcholine receptor antagonist | C19: 0 | D19: 4 | E19: 0 | F19: NA | G19: NA | H19: NA | I19: -0.37861058 | J19: NA | K19: -0.35782281 | L19: NA | M19: NA | N19: NA | O19: NA | P19: NA | Q19: NA | R19: -0.38677469 | S19: NA | T19: NA | U19: NA | V19: NA | W19: NA | X19: NA | Y19: NA | Z19: NA | AA19: NA | AB19: NA | AC19: NA | AD19: NA | AE19: NA | AF19: NA | AG19: NA | AH19: NA | AI19: NA | AJ19: NA | AK19: NA | AL19: NA | AM19: NA | AN19: NA | AO19: NA | AP19: NA | AQ19: NA | AR19: NA | AS19: NA | AT19: NA | AU19: NA | AV19: NA | AW19: NA | AX19: NA | AY19: NA | AZ19: NA | BA19: NA | BB19: NA | BC19: NA | BD19: NA | BE19: NA | BF19: NA | BG19: NA | BH19: -0.38765949 | BI19: NA | BJ19: NA | BK19: NA | BL19: NA | BM19: NA | BN19: NA | BO19: NA | BP19: NA | BQ19: NA | BR19: NA | BS19: NA | BT19: NA | BU19: NA | BV19: NA | BW19: NA | BX19: NA | BY19: NA | BZ19: NA | CA19: NA | CB19: NA | CC19: NA | CD19: NA | CE19: NA | CF19: NA | CG19: NA | CH19: NA | CI19: NA
A20: Methyllycaconitine | B20: =VLOOKUP(A20,MOA!$C$2333:$D$3565,2,FALSE) -> Acetylcholine receptor antagonist | C20: 0 | D20: 2 | E20: 0 | F20: NA | G20: NA | H20: NA | I20: NA | J20: NA | K20: NA | L20: NA | M20: NA | N20: -0.54398535 | O20: NA | P20: NA | Q20: NA | R20: -0.45127139 | S20: NA | T20: NA | U20: NA | V20: NA | W20: NA | X20: NA | Y20: NA | Z20: NA | AA20: NA | AB20: NA | AC20: NA | AD20: NA | AE20: NA | AF20: NA | AG20: NA | AH20: NA | AI20: NA | AJ20: NA | AK20: NA | AL20: NA | AM20: NA | AN20: NA | AO20: NA | AP20: NA | AQ20: NA | AR20: NA | AS20: NA | AT20: NA | AU20: NA | AV20: NA | AW20: NA | AX20: NA | AY20: NA | AZ20: NA | BA20: NA | BB20: NA | BC20: NA | BD20: NA | BE20: NA | BF20: NA | BG20: NA | BH20: NA | BI20: NA | BJ20: NA | BK20: NA | BL20: NA | BM20: NA | BN20: NA | BO20: NA | BP20: NA | BQ20: NA | BR20: NA | BS20: NA | BT20: NA | BU20: NA | BV20: NA | BW20: NA | BX20: NA | BY20: NA | BZ20: NA | CA20: NA | CB20: NA | CC20: NA | CD20: NA | CE20: NA | CF20: NA | CG20: NA | CH20: NA | CI20: NA
A21: Ipratropium | B21: =VLOOKUP(A21,MOA!$C$2333:$D$3565,2,FALSE) -> Acetylcholine receptor antagonist | C21: 0 | D21: 2 | E21: 0 | F21: NA | G21: NA | H21: NA | I21: -0.48778127 | J21: NA | K21: NA | L21: NA | M21: NA | N21: -0.36835153 | O21: NA | P21: NA | Q21: NA | R21: NA | S21: NA | T21: NA | U21: NA | V21: NA | W21: NA | X21: NA | Y21: NA | Z21: NA | AA21: NA | AB21: NA | AC21: NA | AD21: NA | AE21: NA | AF21: NA | AG21: NA | AH21: NA | AI21: NA | AJ21: NA | AK21: NA | AL21: NA | AM21: NA | AN21: NA | AO21: NA | AP21: NA | AQ21: NA | AR21: NA | AS21: NA | AT21: NA | AU21: NA | AV21: NA | AW21: NA | AX21: NA | AY21: NA | AZ21: NA | BA21: NA | BB21: NA | BC21: NA | BD21: NA | BE21: NA | BF21: NA | BG21: NA | BH21: NA | BI21: NA | BJ21: NA | BK21: NA | BL21: NA | BM21: NA | BN21: NA | BO21: NA | BP21: NA | BQ21: NA | BR21: NA | BS21: NA | BT21: NA | BU21: NA | BV21: NA | BW21: NA | BX21: NA | BY21: NA | BZ21: NA | CA21: NA | CB21: NA | CC21: NA | CD21: NA | CE21: NA | CF21: NA | CG21: NA | CH21: NA | CI21: NA
A22: Propantheline | B22: =VLOOKUP(A22,MOA!$C$2333:$D$3565,2,FALSE) -> Acetylcholine receptor antagonist | C22: 0 | D22: 2 | E22: 0 | F22: NA | G22: NA | H22: NA | I22: NA | J22: NA | K22: NA | L22: NA | M22: NA | N22: NA | O22: NA | P22: NA | Q22: NA | R22: NA | S22: NA | T22: NA | U22: NA | V22: NA | W22: NA | X22: NA | Y22: NA | Z22: NA | AA22: NA | AB22: -0.4383259 | AC22: -0.40765747 | AD22: NA | AE22: NA | AF22: NA | AG22: NA | AH22: NA | AI22: NA | AJ22: NA | AK22: NA | AL22: NA | AM22: NA | AN22: NA | AO22: NA | AP22: NA | AQ22: NA | AR22: NA | AS22: NA | AT22: NA | AU22: NA | AV22: NA | AW22: NA | AX22: NA | AY22: NA | AZ22: NA | BA22: NA | BB22: NA | BC22: NA | BD22: NA | BE22: NA | BF22: NA | BG22: NA | BH22: NA | BI22: NA | BJ22: NA | BK22: NA | BL22: NA | BM22: NA | BN22: NA | BO22: NA | BP22: NA | BQ22: NA | BR22: NA | BS22: NA | BT22: NA | BU22: NA | BV22: NA | BW22: NA | BX22: NA | BY22: NA | BZ22: NA | CA22: NA | CB22: NA | CC22: NA | CD22: NA | CE22: NA | CF22: NA | CG22: NA | CH22: NA | CI22: NA
A23: Scopolamine | B23: =VLOOKUP(A23,MOA!$C$2333:$D$3565,2,FALSE) -> Acetylcholine receptor antagonist | C23: 2 | D23: 2 | E23: 1 | F23: NA | G23: NA | H23: NA | I23: 0.32191961 | J23: NA | K23: NA | L23: NA | M23: NA | N23: NA | O23: NA | P23: NA | Q23: NA | R23: -0.4296401 | S23: NA | T23: NA | U23: NA | V23: NA | W23: NA | X23: NA | Y23: NA | Z23: NA | AA23: NA | AB23: NA | AC23: 0.43444199 | AD23: NA | AE23: NA | AF23: NA | AG23: NA | AH23: NA | AI23: NA | AJ23: NA | AK23: NA | AL23: NA | AM23: NA | AN23: NA | AO23: NA | AP23: NA | AQ23: NA | AR23: NA | AS23: NA | AT23: NA | AU23: NA | AV23: NA | AW23: -0.38142942 | AX23: NA | AY23: NA | AZ23: NA | BA23: NA | BB23: NA | BC23: NA | BD23: NA | BE23: NA | BF23: NA | BG23: NA | BH23: NA | BI23: NA | BJ23: NA | BK23: NA | BL23: NA | BM23: NA | BN23: NA | BO23: NA | BP23: NA | BQ23: NA | BR23: NA | BS23: NA | BT23: NA | BU23: NA | BV23: NA | BW23: NA | BX23: NA | BY23: NA | BZ23: NA | CA23: NA | CB23: NA | CC23: NA | CD23: NA | CE23: NA | CF23: NA | CG23: NA | CH23: NA | CI23: NA
A24: Otenzepad | B24: =VLOOKUP(A24,MOA!$C$2333:$D$3565,2,FALSE) -> Acetylcholine receptor antagonist | C24: 1 | D24: 1 | E24: 1 | F24: NA | G24: NA | H24: NA | I24: NA | J24: NA | K24: NA | L24: NA | M24: NA | N24: -0.4184838 | O24: NA | P24: NA | Q24: NA | R24: NA | S24: 0.36863521 | T24: NA | U24: NA | V24: NA | W24: NA | X24: NA | Y24: NA | Z24: NA | AA24: NA | AB24: NA | AC24: NA | AD24: NA | AE24: NA | AF24: NA | AG24: NA | AH24: NA | AI24: NA | AJ24: NA | AK24: NA | AL24: NA | AM24: NA | AN24: NA | AO24: NA | AP24: NA | AQ24: NA | AR24: NA | AS24: NA | AT24: NA | AU24: NA | AV24: NA | AW24: NA | AX24: NA | AY24: NA | AZ24: NA | BA24: NA | BB24: NA | BC24: NA | BD24: NA | BE24: NA | BF24: NA | BG24: NA | BH24: NA | BI24: NA | BJ24: NA | BK24: NA | BL24: NA | BM24: NA | BN24: NA | BO24: NA | BP24: NA | BQ24: NA | BR24: NA | BS24: NA | BT24: NA | BU24: NA | BV24: NA | BW24: NA | BX24: NA | BY24: NA | BZ24: NA | CA24: NA | CB24: NA | CC24: NA | CD24: NA | CE24: NA | CF24: NA | CG24: NA | CH24: NA | CI24: NA
A25: Glycopyrrolate | B25: =VLOOKUP(A25,MOA!$C$2333:$D$3565,2,FALSE) -> Acetylcholine receptor antagonist | C25: 1 | D25: 1 | E25: 1 | F25: NA | G25: NA | H25: NA | I25: 0.35266925 | J25: NA | K25: NA | L25: NA | M25: NA | N25: NA | O25: NA | P25: NA | Q25: NA | R25: NA | S25: NA | T25: NA | U25: NA | V25: NA | W25: NA | X25: NA | Y25: NA | Z25: NA | AA25: NA | AB25: NA | AC25: NA | AD25: NA | AE25: NA | AF25: NA | AG25: NA | AH25: NA | AI25: NA | AJ25: -0.41125296 | AK25: NA | AL25: NA | AM25: NA | AN25: NA | AO25: NA | AP25: NA | AQ25: NA | AR25: NA | AS25: NA | AT25: NA | AU25: NA | AV25: NA | AW25: NA | AX25: NA | AY25: NA | AZ25: NA | BA25: NA | BB25: NA | BC25: NA | BD25: NA | BE25: NA | BF25: NA | BG25: NA | BH25: NA | BI25: NA | BJ25: NA | BK25: NA | BL25: NA | BM25: NA | BN25: NA | BO25: NA | BP25: NA | BQ25: NA | BR25: NA | BS25: NA | BT25: NA | BU25: NA | BV25: NA | BW25: NA | BX25: NA | BY25: NA | BZ25: NA | CA25: NA | CB25: NA | CC25: NA | CD25: NA | CE25: NA | CF25: NA | CG25: NA | CH25: NA | CI25: NA
A26: Methantheline | B26: =VLOOKUP(A26,MOA!$C$2333:$D$3565,2,FALSE) -> Acetylcholine receptor antagonist | C26: 1 | D26: 1 | E26: 1 | F26: NA | G26: NA | H26: NA | I26: NA | J26: NA | K26: NA | L26: NA | M26: NA | N26: NA | O26: NA | P26: NA | Q26: NA | R26: -0.40668298 | S26: NA | T26: NA | U26: NA | V26: NA | W26: NA | X26: NA | Y26: NA | Z26: NA | AA26: NA | AB26: NA | AC26: NA | AD26: NA | AE26: NA | AF26: NA | AG26: NA | AH26: NA | AI26: NA | AJ26: 0.38738236 | AK26: NA | AL26: NA | AM26: NA | AN26: NA | AO26: NA | AP26: NA | AQ26: NA | AR26: NA | AS26: NA | AT26: NA | AU26: NA | AV26: NA | AW26: NA | AX26: NA | AY26: NA | AZ26: NA | BA26: NA | BB26: NA | BC26: NA | BD26: NA | BE26: NA | BF26: NA | BG26: NA | BH26: NA | BI26: NA | BJ26: NA | BK26: NA | BL26: NA | BM26: NA | BN26: NA | BO26: NA | BP26: NA | BQ26: NA | BR26: NA | BS26: NA | BT26: NA | BU26: NA | BV26: NA | BW26: NA | BX26: NA | BY26: NA | BZ26: NA | CA26: NA | CB26: NA | CC26: NA | CD26: NA | CE26: NA | CF26: NA | CG26: NA | CH26: NA | CI26: NA
A27: Flavoxate | B27: =VLOOKUP(A27,MOA!$C$2333:$D$3565,2,FALSE) -> Acetylcholine receptor antagonist | C27: 1 | D27: 1 | E27: 1 | F27: NA | G27: NA | H27: NA | I27: NA | J27: NA | K27: NA | L27: NA | M27: NA | N27: -0.37553884 | O27: NA | P27: NA | Q27: NA | R27: NA | S27: NA | T27: NA | U27: NA | V27: NA | W27: NA | X27: NA | Y27: NA | Z27: NA | AA27: NA | AB27: 0.40317561 | AC27: NA | AD27: NA | AE27: NA | AF27: NA | AG27: NA | AH27: NA | AI27: NA | AJ27: NA | AK27: NA | AL27: NA | AM27: NA | AN27: NA | AO27: NA | AP27: NA | AQ27: NA | AR27: NA | AS27: NA | AT27: NA | AU27: NA | AV27: NA | AW27: NA | AX27: NA | AY27: NA | AZ27: NA | BA27: NA | BB27: NA | BC27: NA | BD27: NA | BE27: NA | BF27: NA | BG27: NA | BH27: NA | BI27: NA | BJ27: NA | BK27: NA | BL27: NA | BM27: NA | BN27: NA | BO27: NA | BP27: NA | BQ27: NA | BR27: NA | BS27: NA | BT27: NA | BU27: NA | BV27: NA | BW27: NA | BX27: NA | BY27: NA | BZ27: NA | CA27: NA | CB27: NA | CC27: NA | CD27: NA | CE27: NA | CF27: NA | CG27: NA | CH27: NA | CI27: NA
A28: Benztropine | B28: =VLOOKUP(A28,MOA!$C$2333:$D$3565,2,FALSE) -> Acetylcholine receptor antagonist | C28: 2 | D28: 0 | E28: Inf | F28: NA | G28: NA | H28: NA | I28: NA | J28: NA | K28: NA | L28: NA | M28: NA | N28: NA | O28: NA | P28: NA | Q28: NA | R28: 0.44975949 | S28: NA | T28: NA | U28: NA | V28: NA | W28: NA | X28: NA | Y28: NA | Z28: NA | AA28: NA | AB28: NA | AC28: 0.82419445 | AD28: NA | AE28: NA | AF28: NA | AG28: NA | AH28: NA | AI28: NA | AJ28: NA | AK28: NA | AL28: NA | AM28: NA | AN28: NA | AO28: NA | AP28: NA | AQ28: NA | AR28: NA | AS28: NA | AT28: NA | AU28: NA | AV28: NA | AW28: NA | AX28: NA | AY28: NA | AZ28: NA | BA28: NA | BB28: NA | BC28: NA | BD28: NA | BE28: NA | BF28: NA | BG28: NA | BH28: NA | BI28: NA | BJ28: NA | BK28: NA | BL28: NA | BM28: NA | BN28: NA | BO28: NA | BP28: NA | BQ28: NA | BR28: NA | BS28: NA | BT28: NA | BU28: NA | BV28: NA | BW28: NA | BX28: NA | BY28: NA | BZ28: NA | CA28: NA | CB28: NA | CC28: NA | CD28: NA | CE28: NA | CF28: NA | CG28: NA | CH28: NA | CI28: NA
A29: Darifenacin | B29: =VLOOKUP(A29,MOA!$C$2333:$D$3565,2,FALSE) -> Acetylcholine receptor antagonist | C29: 4 | D29: 0 | E29: Inf | F29: NA | G29: NA | H29: NA | I29: 0.39953247 | J29: NA | K29: NA | L29: NA | M29: NA | N29: NA | O29: NA | P29: NA | Q29: NA | R29: NA | S29: 0.40489712 | T29: NA | U29: NA | V29: NA | W29: NA | X29: NA | Y29: NA | Z29: NA | AA29: NA | AB29: NA | AC29: 0.36872772 | AD29: NA | AE29: NA | AF29: NA | AG29: NA | AH29: NA | AI29: NA | AJ29: NA | AK29: NA | AL29: NA | AM29: NA | AN29: NA | AO29: NA | AP29: NA | AQ29: NA | AR29: NA | AS29: NA | AT29: NA | AU29: NA | AV29: NA | AW29: 0.44500642 | AX29: NA | AY29: NA | AZ29: NA | BA29: NA | BB29: NA | BC29: NA | BD29: NA | BE29: NA | BF29: NA | BG29: NA | BH29: NA | BI29: NA | BJ29: NA | BK29: NA | BL29: NA | BM29: NA | BN29: NA | BO29: NA | BP29: NA | BQ29: NA | BR29: NA | BS29: NA | BT29: NA | BU29: NA | BV29: NA | BW29: NA | BX29: NA | BY29: NA | BZ29: NA | CA29: NA | CB29: NA | CC29: NA | CD29: NA | CE29: NA | CF29: NA | CG29: NA | CH29: NA | CI29: NA
A30: Biperiden | B30: =VLOOKUP(A30,MOA!$C$2333:$D$3565,2,FALSE) -> Acetylcholine receptor antagonist | C30: 2 | D30: 0 | E30: Inf | F30: NA | G30: NA | H30: NA | I30: NA | J30: NA | K30: NA | L30: NA | M30: NA | N30: NA | O30: NA | P30: NA | Q30: NA | R30: 0.47881561 | S30: NA | T30: NA | U30: NA | V30: NA | W30: NA | X30: NA | Y30: NA | Z30: NA | AA30: NA | AB30: NA | AC30: 0.3806014 | AD30: NA | AE30: NA | AF30: NA | AG30: NA | AH30: NA | AI30: NA | AJ30: NA | AK30: NA | AL30: NA | AM30: NA | AN30: NA | AO30: NA | AP30: NA | AQ30: NA | AR30: NA | AS30: NA | AT30: NA | AU30: NA | AV30: NA | AW30: NA | AX30: NA | AY30: NA | AZ30: NA | BA30: NA | BB30: NA | BC30: NA | BD30: NA | BE30: NA | BF30: NA | BG30: NA | BH30: NA | BI30: NA | BJ30: NA | BK30: NA | BL30: NA | BM30: NA | BN30: NA | BO30: NA | BP30: NA | BQ30: NA | BR30: NA | BS30: NA | BT30: NA | BU30: NA | BV30: NA | BW30: NA | BX30: NA | BY30: NA | BZ30: NA | CA30: NA | CB30: NA | CC30: NA | CD30: NA | CE30: NA | CF30: NA | CG30: NA | CH30: NA | CI30: NA
A31: Bifemelane | B31: =VLOOKUP(A31,MOA!$C$2333:$D$3565,2,FALSE) -> Acetylcholine release stimulant | C31: 0 | D31: 3 | E31: 0 | F31: NA | G31: NA | H31: NA | I31: -0.47305711 | J31: NA | K31: NA | L31: NA | M31: NA | N31: NA | O31: NA | P31: NA | Q31: NA | R31: NA | S31: -0.40685585 | T31: NA | U31: NA | V31: NA | W31: NA | X31: NA | Y31: NA | Z31: NA | AA31: NA | AB31: NA | AC31: NA | AD31: NA | AE31: NA | AF31: NA | AG31: NA | AH31: NA | AI31: NA | AJ31: -0.38404483 | AK31: NA | AL31: NA | AM31: NA | AN31: NA | AO31: NA | AP31: NA | AQ31: NA | AR31: NA | AS31: NA | AT31: NA | AU31: NA | AV31: NA | AW31: NA | AX31: NA | AY31: NA | AZ31: NA | BA31: NA | BB31: NA | BC31: NA | BD31: NA | BE31: NA | BF31: NA | BG31: NA | BH31: NA | BI31: NA | BJ31: NA | BK31: NA | BL31: NA | BM31: NA | BN31: NA | BO31: NA | BP31: NA | BQ31: NA | BR31: NA | BS31: NA | BT31: NA | BU31: NA | BV31: NA | BW31: NA | BX31: NA | BY31: NA | BZ31: NA | CA31: NA | CB31: NA | CC31: NA | CD31: NA | CE31: NA | CF31: NA | CG31: NA | CH31: NA | CI31: NA
A32: Neostigmine | B32: =VLOOKUP(A32,MOA!$C$2333:$D$3565,2,FALSE) -> Acetylcholinesterase inhibitor | C32: 0 | D32: 3 | E32: 0 | F32: NA | G32: NA | H32: NA | I32: NA | J32: NA | K32: NA | L32: NA | M32: NA | N32: NA | O32: NA | P32: NA | Q32: NA | R32: NA | S32: -0.44635113 | T32: NA | U32: NA | V32: NA | W32: NA | X32: NA | Y32: NA | Z32: NA | AA32: NA | AB32: -0.35977901 | AC32: -0.50223977 | AD32: NA | AE32: NA | AF32: NA | AG32: NA | AH32: NA | AI32: NA | AJ32: NA | AK32: NA | AL32: NA | AM32: NA | AN32: NA | AO32: NA | AP32: NA | AQ32: NA | AR32: NA | AS32: NA | AT32: NA | AU32: NA | AV32: NA | AW32: NA | AX32: NA | AY32: NA | AZ32: NA | BA32: NA | BB32: NA | BC32: NA | BD32: NA | BE32: NA | BF32: NA | BG32: NA | BH32: NA | BI32: NA | BJ32: NA | BK32: NA | BL32: NA | BM32: NA | BN32: NA | BO32: NA | BP32: NA | BQ32: NA | BR32: NA | BS32: NA | BT32: NA | BU32: NA | BV32: NA | BW32: NA | BX32: NA | BY32: NA | BZ32: NA | CA32: NA | CB32: NA | CC32: NA | CD32: NA | CE32: NA | CF32: NA | CG32: NA | CH32: NA | CI32: NA
A33: Galantamine | B33: =VLOOKUP(A33,MOA!$C$2333:$D$3565,2,FALSE) -> Acetylcholinesterase inhibitor | C33: 2 | D33: 1 | E33: 2 | F33: NA | G33: NA | H33: NA | I33: NA | J33: NA | K33: NA | L33: NA | M33: NA | N33: -0.60168299 | O33: NA | P33: NA | Q33: NA | R33: 0.34738246 | S33: 0.32709484 | T33: NA | U33: NA | V33: NA | W33: NA | X33: NA | Y33: NA | Z33: NA | AA33: NA | AB33: NA | AC33: NA | AD33: NA | AE33: NA | AF33: NA | AG33: NA | AH33: NA | AI33: NA | AJ33: NA | AK33: NA | AL33: NA | AM33: NA | AN33: NA | AO33: NA | AP33: NA | AQ33: NA | AR33: NA | AS33: NA | AT33: NA | AU33: NA | AV33: NA | AW33: NA | AX33: NA | AY33: NA | AZ33: NA | BA33: NA | BB33: NA | BC33: NA | BD33: NA | BE33: NA | BF33: NA | BG33: NA | BH33: NA | BI33: NA | BJ33: NA | BK33: NA | BL33: NA | BM33: NA | BN33: NA | BO33: NA | BP33: NA | BQ33: NA | BR33: NA | BS33: NA | BT33: NA | BU33: NA | BV33: NA | BW33: NA | BX33: NA | BY33: NA | BZ33: NA | CA33: NA | CB33: NA | CC33: NA | CD33: NA | CE33: NA | CF33: NA | CG33: NA | CH33: NA | CI33: NA
A34: Vesamicol | B34: =VLOOKUP(A34,MOA!$C$2333:$D$3565,2,FALSE) -> Acetylcholinesterase inhibitor | C34: 1 | D34: 3 | E34: 0.33333333 | F34: NA | G34: NA | H34: NA | I34: -0.44825357 | J34: NA | K34: NA | L34: NA | M34: -0.37238891 | N34: NA | O34: NA | P34: NA | Q34: NA | R34: NA | S34: NA | T34: -0.57847339 | U34: NA | V34: NA | W34: NA | X34: NA | Y34: NA | Z34: NA | AA34: NA | AB34: NA | AC34: NA | AD34: NA | AE34: NA | AF34: NA | AG34: NA | AH34: NA | AI34: NA | AJ34: 0.46221751 | AK34: NA | AL34: NA | AM34: NA | AN34: NA | AO34: NA | AP34: NA | AQ34: NA | AR34: NA | AS34: NA | AT34: NA | AU34: NA | AV34: NA | AW34: NA | AX34: NA | AY34: NA | AZ34: NA | BA34: NA | BB34: NA | BC34: NA | BD34: NA | BE34: NA | BF34: NA | BG34: NA | BH34: NA | BI34: NA | BJ34: NA | BK34: NA | BL34: NA | BM34: NA | BN34: NA | BO34: NA | BP34: NA | BQ34: NA | BR34: NA | BS34: NA | BT34: NA | BU34: NA | BV34: NA | BW34: NA | BX34: NA | BY34: NA | BZ34: NA | CA34: NA | CB34: NA | CC34: NA | CD34: NA | CE34: NA | CF34: NA | CG34: NA | CH34: NA | CI34: NA
A35: galantamine | B35: =VLOOKUP(A35,MOA!$C$2333:$D$3565,2,FALSE) -> Acetylcholinesterase inhibitor | C35: 7 | D35: 2 | E35: 3.5 | F35: NA | G35: NA | H35: NA | I35: 0.4813283 | J35: NA | K35: NA | L35: -0.50575091 | M35: NA | N35: NA | O35: NA | P35: NA | Q35: NA | R35: 0.40798009 | S35: 0.48590594 | T35: NA | U35: NA | V35: NA | W35: NA | X35: NA | Y35: NA | Z35: 0.41500965 | AA35: NA | AB35: NA | AC35: -0.37227275 | AD35: NA | AE35: NA | AF35: NA | AG35: NA | AH35: NA | AI35: NA | AJ35: NA | AK35: NA | AL35: NA | AM35: 0.32111704 | AN35: NA | AO35: NA | AP35: NA | AQ35: NA | AR35: NA | AS35: NA | AT35: NA | AU35: NA | AV35: NA | AW35: NA | AX35: NA | AY35: NA | AZ35: NA | BA35: NA | BB35: NA | BC35: NA | BD35: NA | BE35: NA | BF35: NA | BG35: NA | BH35: NA | BI35: NA | BJ35: NA | BK35: NA | BL35: 0.32599925 | BM35: NA | BN35: NA | BO35: NA | BP35: NA | BQ35: 0.48035906 | BR35: NA | BS35: NA | BT35: NA | BU35: NA | BV35: NA | BW35: NA | BX35: NA | BY35: NA | BZ35: NA | CA35: NA | CB35: NA | CC35: NA | CD35: NA | CE35: NA | CF35: NA | CG35: NA | CH35: NA | CI35: NA
A36: Herniarin | B36: =VLOOKUP(A36,MOA!$C$2333:$D$3565,2,FALSE) -> Acetylcholinesterase inhibitor | C36: 2 | D36: 0 | E36: Inf | F36: NA | G36: NA | H36: NA | I36: NA | J36: NA | K36: NA | L36: NA | M36: 0.32857702 | N36: 0.411428 | O36: NA | P36: NA | Q36: NA | R36: NA | S36: NA | T36: NA | U36: NA | V36: NA | W36: NA | X36: NA | Y36: NA | Z36: NA | AA36: NA | AB36: NA | AC36: NA | AD36: NA | AE36: NA | AF36: NA | AG36: NA | AH36: NA | AI36: NA | AJ36: NA | AK36: NA | AL36: NA | AM36: NA | AN36: NA | AO36: NA | AP36: NA | AQ36: NA | AR36: NA | AS36: NA | AT36: NA | AU36: NA | AV36: NA | AW36: NA | AX36: NA | AY36: NA | AZ36: NA | BA36: NA | BB36: NA | BC36: NA | BD36: NA | BE36: NA | BF36: NA | BG36: NA | BH36: NA | BI36: NA | BJ36: NA | BK36: NA | BL36: NA | BM36: NA | BN36: NA | BO36: NA | BP36: NA | BQ36: NA | BR36: NA | BS36: NA | BT36: NA | BU36: NA | BV36: NA | BW36: NA | BX36: NA | BY36: NA | BZ36: NA | CA36: NA | CB36: NA | CC36: NA | CD36: NA | CE36: NA | CF36: NA | CG36: NA | CH36: NA | CI36: NA
A37: Eseroline | B37: =VLOOKUP(A37,MOA!$C$2333:$D$3565,2,FALSE) -> Acetylcholinesterase inhibitor | C37: 2 | D37: 0 | E37: Inf | F37: NA | G37: NA | H37: NA | I37: NA | J37: NA | K37: NA | L37: 0.44909972 | M37: NA | N37: NA | O37: NA | P37: NA | Q37: NA | R37: NA | S37: NA | T37: NA | U37: NA | V37: NA | W37: NA | X37: NA | Y37: NA | Z37: NA | AA37: NA | AB37: NA | AC37: NA | AD37: NA | AE37: NA | AF37: NA | AG37: NA | AH37: NA | AI37: NA | AJ37: NA | AK37: NA | AL37: NA | AM37: NA | AN37: NA | AO37: NA | AP37: NA | AQ37: NA | AR37: NA | AS37: NA | AT37: NA | AU37: NA | AV37: NA | AW37: NA | AX37: NA | AY37: NA | AZ37: NA | BA37: NA | BB37: NA | BC37: NA | BD37: NA | BE37: NA | BF37: NA | BG37: NA | BH37: NA | BI37: NA | BJ37: NA | BK37: NA | BL37: 0.41635351 | BM37: NA | BN37: NA | BO37: NA | BP37: NA | BQ37: NA | BR37: NA | BS37: NA | BT37: NA | BU37: NA | BV37: NA | BW37: NA | BX37: NA | BY37: NA | BZ37: NA | CA37: NA | CB37: NA | CC37: NA | CD37: NA | CE37: NA | CF37: NA | CG37: NA | CH37: NA | CI37: NA
A38: Physostigmine | B38: =VLOOKUP(A38,MOA!$C$2333:$D$3565,2,FALSE) -> Acetylcholinesterase inhibitor|Cholinesterase inhibitor | C38: 0 | D38: 3 | E38: 0 | F38: NA | G38: NA | H38: NA | I38: NA | J38: NA | K38: NA | L38: NA | M38: NA | N38: NA | O38: NA | P38: NA | Q38: NA | R38: -0.44933871 | S38: NA | T38: NA | U38: NA | V38: NA | W38: NA | X38: NA | Y38: NA | Z38: -0.46615956 | AA38: NA | AB38: NA | AC38: -0.55981909 | AD38: NA | AE38: NA | AF38: NA | AG38: NA | AH38: NA | AI38: NA | AJ38: NA | AK38: NA | AL38: NA | AM38: NA | AN38: NA | AO38: NA | AP38: NA | AQ38: NA | AR38: NA | AS38: NA | AT38: NA | AU38: NA | AV38: NA | AW38: NA | AX38: NA | AY38: NA | AZ38: NA | BA38: NA | BB38: NA | BC38: NA | BD38: NA | BE38: NA | BF38: NA | BG38: NA | BH38: NA | BI38: NA | BJ38: NA | BK38: NA | BL38: NA | BM38: NA | BN38: NA | BO38: NA | BP38: NA | BQ38: NA | BR38: NA | BS38: NA | BT38: NA | BU38: NA | BV38: NA | BW38: NA | BX38: NA | BY38: NA | BZ38: NA | CA38: NA | CB38: NA | CC38: NA | CD38: NA | CE38: NA | CF38: NA | CG38: NA | CH38: NA | CI38: NA
A39: Skimmianine | B39: =VLOOKUP(A39,MOA!$C$2333:$D$3565,2,FALSE) -> Acetylcholinesterase inhibitor|Furoquinoline alkaloid | C39: 2 | D39: 0 | E39: Inf | F39: NA | G39: NA | H39: NA | I39: NA | J39: NA | K39: 0.43434828 | L39: NA | M39: NA | N39: NA | O39: NA | P39: NA | Q39: NA | R39: NA | S39: NA | T39: NA | U39: NA | V39: NA | W39: NA | X39: NA | Y39: NA | Z39: NA | AA39: NA | AB39: 0.37666541 | AC39: NA | AD39: NA | AE39: NA | AF39: NA | AG39: NA | AH39: NA | AI39: NA | AJ39: NA | AK39: NA | AL39: NA | AM39: NA | AN39: NA | AO39: NA | AP39: NA | AQ39: NA | AR39: NA | AS39: NA | AT39: NA | AU39: NA | AV39: NA | AW39: NA | AX39: NA | AY39: NA | AZ39: NA | BA39: NA | BB39: NA | BC39: NA | BD39: NA | BE39: NA | BF39: NA | BG39: NA | BH39: NA | BI39: NA | BJ39: NA | BK39: NA | BL39: NA | BM39: NA | BN39: NA | BO39: NA | BP39: NA | BQ39: NA | BR39: NA | BS39: NA | BT39: NA | BU39: NA | BV39: NA | BW39: NA | BX39: NA | BY39: NA | BZ39: NA | CA39: NA | CB39: NA | CC39: NA | CD39: NA | CE39: NA | CF39: NA | CG39: NA | CH39: NA | CI39: NA
A40: Desoxypeganine | B40: =VLOOKUP(A40,MOA!$C$2333:$D$3565,2,FALSE) -> Acetylcholinesterase inhibitor|Monoamine oxidase inhibitor | C40: 0 | D40: 4 | E40: 0 | F40: NA | G40: NA | H40: NA | I40: NA | J40: NA | K40: -0.33897828 | L40: NA | M40: NA | N40: NA | O40: NA | P40: NA | Q40: NA | R40: NA | S40: NA | T40: NA | U40: NA | V40: NA | W40: NA | X40: NA | Y40: NA | Z40: NA | AA40: NA | AB40: NA | AC40: -0.43570554 | AD40: NA | AE40: NA | AF40: NA | AG40: NA | AH40: NA | AI40: NA | AJ40: NA | AK40: NA | AL40: NA | AM40: NA | AN40: NA | AO40: NA | AP40: NA | AQ40: NA | AR40: NA | AS40: NA | AT40: NA | AU40: NA | AV40: NA | AW40: -0.35804912 | AX40: NA | AY40: NA | AZ40: NA | BA40: NA | BB40: NA | BC40: NA | BD40: NA | BE40: NA | BF40: NA | BG40: NA | BH40: -0.46530916 | BI40: NA | BJ40: NA | BK40: NA | BL40: NA | BM40: NA | BN40: NA | BO40: NA | BP40: NA | BQ40: NA | BR40: NA | BS40: NA | BT40: NA | BU40: NA | BV40: NA | BW40: NA | BX40: NA | BY40: NA | BZ40: NA | CA40: NA | CB40: NA | CC40: NA | CD40: NA | CE40: NA | CF40: NA | CG40: NA | CH40: NA | CI40: NA
A41: Latrunculin B | B41: =VLOOKUP(A41,MOA!$C$2333:$D$3565,2,FALSE) -> Actin polymerization inhibitor|Unidentified pharmacological activity | C41: 2 | D41: 0 | E41: Inf | F41: NA | G41: NA | H41: NA | I41: NA | J41: NA | K41: NA | L41: NA | M41: 0.33226777 | N41: NA | O41: NA | P41: NA | Q41: NA | R41: NA | S41: 0.38773213 | T41: NA | U41: NA | V41: NA | W41: NA | X41: NA | Y41: NA | Z41: NA | AA41: NA | AB41: NA | AC41: NA | AD41: NA | AE41: NA | AF41: NA | AG41: NA | AH41: NA | AI41: NA | AJ41: NA | AK41: NA | AL41: NA | AM41: NA | AN41: NA | AO41: NA | AP41: NA | AQ41: NA | AR41: NA | AS41: NA | AT41: NA | AU41: NA | AV41: NA | AW41: NA | AX41: NA | AY41: NA | AZ41: NA | BA41: NA | BB41: NA | BC41: NA | BD41: NA | BE41: NA | BF41: NA | BG41: NA | BH41: NA | BI41: NA | BJ41: NA | BK41: NA | BL41: NA | BM41: NA | BN41: NA | BO41: NA | BP41: NA | BQ41: NA | BR41: NA | BS41: NA | BT41: NA | BU41: NA | BV41: NA | BW41: NA | BX41: NA | BY41: NA | BZ41: NA | CA41: NA | CB41: NA | CC41: NA | CD41: NA | CE41: NA | CF41: NA | CG41: NA | CH41: NA | CI41: NA
A42: Ercalcitriol | B42: =IFERROR(VLOOKUP(A42, [1]Overall!$A$2:$B$1442, 2, FALSE), IFERROR(VLOOKUP(A42, [1]Female!$A$2:$B$1276, 2, FALSE), IFERROR(VLOOKUP(A42, [1]Male!$A$2:$B$1529, 2, FALSE), "Not Found"))) -> Active form of vitamin D3, regulates calcium homeostasis | C42: 3 | D42: 0 | E42: Inf | F42: NA | G42: NA | H42: NA | I42: 0.42796295 | J42: NA | K42: NA | L42: NA | M42: NA | N42: NA | O42: NA | P42: NA | Q42: NA | R42: NA | S42: NA | T42: NA | U42: NA | V42: NA | W42: NA | X42: NA | Y42: NA | Z42: NA | AA42: NA | AB42: 0.37176735 | AC42: NA | AD42: NA | AE42: NA | AF42: NA | AG42: NA | AH42: NA | AI42: NA | AJ42: NA | AK42: NA | AL42: NA | AM42: NA | AN42: NA | AO42: NA | AP42: NA | AQ42: NA | AR42: NA | AS42: NA | AT42: NA | AU42: NA | AV42: NA | AW42: NA | AX42: NA | AY42: NA | AZ42: NA | BA42: NA | BB42: NA | BC42: NA | BD42: NA | BE42: NA | BF42: NA | BG42: NA | BH42: 0.59680483 | BI42: NA | BJ42: NA | BK42: NA | BL42: NA | BM42: NA | BN42: NA | BO42: NA | BP42: NA | BQ42: NA | BR42: NA | BS42: NA | BT42: NA | BU42: NA | BV42: NA | BW42: NA | BX42: NA | BY42: NA | BZ42: NA | CA42: NA | CB42: NA | CC42: NA | CD42: NA | CE42: NA | CF42: NA | CG42: NA | CH42: NA | CI42: NA
A43: Cladribine | B43: =VLOOKUP(A43,MOA!$C$2333:$D$3565,2,FALSE) -> Adenosine deaminase inhibitor|Ribonucleoside reductase inhibitor | C43: 8 | D43: 0 | E43: Inf | F43: NA | G43: NA | H43: NA | I43: NA | J43: NA | K43: NA | L43: NA | M43: NA | N43: 0.50197509 | O43: NA | P43: NA | Q43: NA | R43: 0.71813504 | S43: 0.47214123 | T43: NA | U43: NA | V43: NA | W43: NA | X43: NA | Y43: NA | Z43: NA | AA43: NA | AB43: 0.58717677 | AC43: 0.62632214 | AD43: NA | AE43: NA | AF43: NA | AG43: NA | AH43: NA | AI43: NA | AJ43: 0.57638361 | AK43: NA | AL43: NA | AM43: NA | AN43: NA | AO43: NA | AP43: NA | AQ43: NA | AR43: NA | AS43: NA | AT43: NA | AU43: NA | AV43: NA | AW43: 0.52503112 | AX43: NA | AY43: NA | AZ43: NA | BA43: NA | BB43: NA | BC43: NA | BD43: NA | BE43: NA | BF43: NA | BG43: NA | BH43: 0.40769045 | BI43: NA | BJ43: NA | BK43: NA | BL43: NA | BM43: NA | BN43: NA | BO43: NA | BP43: NA | BQ43: NA | BR43: NA | BS43: NA | BT43: NA | BU43: NA | BV43: NA | BW43: NA | BX43: NA | BY43: NA | BZ43: NA | CA43: NA | CB43: NA | CC43: NA | CD43: NA | CE43: NA | CF43: NA | CG43: NA | CH43: NA | CI43: NA
A44: Adenosine | B44: =VLOOKUP(A44,MOA!$C$2333:$D$3565,2,FALSE) -> Adenosine receptor agonist | C44: 1 | D44: 2 | E44: 0.5 | F44: NA | G44: NA | H44: NA | I44: NA | J44: NA | K44: NA | L44: NA | M44: NA | N44: NA | O44: NA | P44: NA | Q44: NA | R44: NA | S44: NA | T44: NA | U44: NA | V44: NA | W44: NA | X44: NA | Y44: NA | Z44: NA | AA44: NA | AB44: -0.33848901 | AC44: NA | AD44: NA | AE44: NA | AF44: NA | AG44: NA | AH44: NA | AI44: NA | AJ44: NA | AK44: NA | AL44: NA | AM44: NA | AN44: NA | AO44: NA | AP44: NA | AQ44: NA | AR44: NA | AS44: NA | AT44: NA | AU44: NA | AV44: NA | AW44: -0.34935698 | AX44: NA | AY44: NA | AZ44: NA | BA44: NA | BB44: NA | BC44: NA | BD44: NA | BE44: NA | BF44: NA | BG44: NA | BH44: 0.37457607 | BI44: NA | BJ44: NA | BK44: NA | BL44: NA | BM44: NA | BN44: NA | BO44: NA | BP44: NA | BQ44: NA | BR44: NA | BS44: NA | BT44: NA | BU44: NA | BV44: NA | BW44: NA | BX44: NA | BY44: NA | BZ44: NA | CA44: NA | CB44: NA | CC44: NA | CD44: NA | CE44: NA | CF44: NA | CG44: NA | CH44: NA | CI44: NA
A45: REGADENOSON | B45: =IFERROR(VLOOKUP(A45, [1]Overall!$A$2:$B$1442, 2, FALSE), IFERROR(VLOOKUP(A45, [1]Female!$A$2:$B$1276, 2, FALSE), IFERROR(VLOOKUP(A45, [1]Male!$A$2:$B$1529, 2, FALSE), "Not Found"))) -> Adenosine receptor agonist, coronary vasodilator | C45: 1 | D45: 2 | E45: 0.5 | F45: NA | G45: NA | H45: NA | I45: NA | J45: NA | K45: NA | L45: NA | M45: NA | N45: NA | O45: NA | P45: NA | Q45: NA | R45: -0.3680017 | S45: 0.46697257 | T45: NA | U45: NA | V45: NA | W45: NA | X45: NA | Y45: NA | Z45: NA | AA45: NA | AB45: NA | AC45: NA | AD45: NA | AE45: NA | AF45: NA | AG45: NA | AH45: NA | AI45: NA | AJ45: NA | AK45: NA | AL45: NA | AM45: NA | AN45: NA | AO45: NA | AP45: NA | AQ45: NA | AR45: NA | AS45: NA | AT45: NA | AU45: NA | AV45: NA | AW45: NA | AX45: NA | AY45: NA | AZ45: NA | BA45: NA | BB45: NA | BC45: NA | BD45: NA | BE45: NA | BF45: NA | BG45: NA | BH45: -0.40961812 | BI45: NA | BJ45: NA | BK45: NA | BL45: NA | BM45: NA | BN45: NA | BO45: NA | BP45: NA | BQ45: NA | BR45: NA | BS45: NA | BT45: NA | BU45: NA | BV45: NA | BW45: NA | BX45: NA | BY45: NA | BZ45: NA | CA45: NA | CB45: NA | CC45: NA | CD45: NA | CE45: NA | CF45: NA | CG45: NA | CH45: NA | CI45: NA
A46: Caffeine | B46: =VLOOKUP(A46,MOA!$C$2333:$D$3565,2,FALSE) -> Adenosine receptor antagonist|Phosphodiesterase inhibitor | C46: 1 | D46: 4 | E46: 0.25 | F46: NA | G46: NA | H46: NA | I46: -0.37699049 | J46: NA | K46: -0.36048821 | L46: NA | M46: NA | N46: NA | O46: NA | P46: NA | Q46: NA | R46: -0.44285618 | S46: NA | T46: NA | U46: NA | V46: NA | W46: NA | X46: NA | Y46: NA | Z46: -0.38244564 | AA46: NA | AB46: 0.34528726 | AC46: NA | AD46: NA | AE46: NA | AF46: NA | AG46: NA | AH46: NA | AI46: NA | AJ46: NA | AK46: NA | AL46: NA | AM46: NA | AN46: NA | AO46: NA | AP46: NA | AQ46: NA | AR46: NA | AS46: NA | AT46: NA | AU46: NA | AV46: NA | AW46: NA | AX46: NA | AY46: NA | AZ46: NA | BA46: NA | BB46: NA | BC46: NA | BD46: NA | BE46: NA | BF46: NA | BG46: NA | BH46: NA | BI46: NA | BJ46: NA | BK46: NA | BL46: NA | BM46: NA | BN46: NA | BO46: NA | BP46: NA | BQ46: NA | BR46: NA | BS46: NA | BT46: NA | BU46: NA | BV46: NA | BW46: NA | BX46: NA | BY46: NA | BZ46: NA | CA46: NA | CB46: NA | CC46: NA | CD46: NA | CE46: NA | CF46: NA | CG46: NA | CH46: NA | CI46: NA
A47: Dilazep | B47: =VLOOKUP(A47,MOA!$C$2333:$D$3565,2,FALSE) -> Adenosine reuptake inhibitor | C47: 1 | D47: 5 | E47: 0.2 | F47: NA | G47: NA | H47: NA | I47: NA | J47: NA | K47: NA | L47: NA | M47: NA | N47: -0.33022011 | O47: NA | P47: NA | Q47: NA | R47: -0.4955137 | S47: NA | T47: NA | U47: NA | V47: NA | W47: NA | X47: NA | Y47: NA | Z47: NA | AA47: NA | AB47: -0.36153257 | AC47: 0.49206317 | AD47: NA | AE47: NA | AF47: NA | AG47: NA | AH47: NA | AI47: NA | AJ47: -0.44638284 | AK47: NA | AL47: NA | AM47: NA | AN47: NA | AO47: NA | AP47: NA | AQ47: NA | AR47: NA | AS47: NA | AT47: NA | AU47: NA | AV47: NA | AW47: NA | AX47: NA | AY47: NA | AZ47: NA | BA47: NA | BB47: NA | BC47: NA | BD47: NA | BE47: NA | BF47: NA | BG47: NA | BH47: -0.55669932 | BI47: NA | BJ47: NA | BK47: NA | BL47: NA | BM47: NA | BN47: NA | BO47: NA | BP47: NA | BQ47: NA | BR47: NA | BS47: NA | BT47: NA | BU47: NA | BV47: NA | BW47: NA | BX47: NA | BY47: NA | BZ47: NA | CA47: NA | CB47: NA | CC47: NA | CD47: NA | CE47: NA | CF47: NA | CG47: NA | CH47: NA | CI47: NA
A48: Propentofylline | B48: =VLOOKUP(A48,MOA!$C$2333:$D$3565,2,FALSE) -> Adenosine reuptake inhibitor|Phosphodiesterase inhibitor | C48: 0 | D48: 2 | E48: 0 | F48: NA | G48: NA | H48: NA | I48: NA | J48: NA | K48: NA | L48: NA | M48: NA | N48: NA | O48: NA | P48: NA | Q48: NA | R48: -0.56044704 | S48: NA | T48: NA | U48: NA | V48: NA | W48: NA | X48: NA | Y48: NA | Z48: NA | AA48: NA | AB48: NA | AC48: NA | AD48: NA | AE48: NA | AF48: NA | AG48: NA | AH48: NA | AI48: NA | AJ48: NA | AK48: NA | AL48: NA | AM48: NA | AN48: NA | AO48: NA | AP48: NA | AQ48: NA | AR48: NA | AS48: NA | AT48: NA | AU48: NA | AV48: NA | AW48: NA | AX48: NA | AY48: NA | AZ48: NA | BA48: NA | BB48: NA | BC48: NA | BD48: NA | BE48: NA | BF48: NA | BG48: NA | BH48: -0.46782113 | BI48: NA | BJ48: NA | BK48: NA | BL48: NA | BM48: NA | BN48: NA | BO48: NA | BP48: NA | BQ48: NA | BR48: NA | BS48: NA | BT48: NA | BU48: NA | BV48: NA | BW48: NA | BX48: NA | BY48: NA | BZ48: NA | CA48: NA | CB48: NA | CC48: NA | CD48: NA | CE48: NA | CF48: NA | CG48: NA | CH48: NA | CI48: NA
A49: Forskolin, NKH477 | B49: =IFERROR(VLOOKUP(A49, [1]Overall!$A$2:$B$1442, 2, FALSE), IFERROR(VLOOKUP(A49, [1]Female!$A$2:$B$1276, 2, FALSE), IFERROR(VLOOKUP(A49, [1]Male!$A$2:$B$1529, 2, FALSE), "Not Found"))) -> Adenylate cyclase activator, increases cAMP levels | C49: 3 | D49: 1 | E49: 3 | F49: NA | G49: NA | H49: NA | I49: NA | J49: NA | K49: NA | L49: NA | M49: NA | N49: NA | O49: NA | P49: NA | Q49: NA | R49: 0.52869134 | S49: 0.43800675 | T49: NA | U49: NA | V49: NA | W49: NA | X49: NA | Y49: NA | Z49: NA | AA49: NA | AB49: 0.3440545 | AC49: NA | AD49: NA | AE49: NA | AF49: NA | AG49: NA | AH49: NA | AI49: NA | AJ49: NA | AK49: NA | AL49: NA | AM49: NA | AN49: NA | AO49: NA | AP49: NA | AQ49: NA | AR49: NA | AS49: NA | AT49: NA | AU49: NA | AV49: NA | AW49: NA | AX49: NA | AY49: NA | AZ49: NA | BA49: NA | BB49: NA | BC49: NA | BD49: NA | BE49: NA | BF49: NA | BG49: NA | BH49: -0.42000316 | BI49: NA | BJ49: NA | BK49: NA | BL49: NA | BM49: NA | BN49: NA | BO49: NA | BP49: NA | BQ49: NA | BR49: NA | BS49: NA | BT49: NA | BU49: NA | BV49: NA | BW49: NA | BX49: NA | BY49: NA | BZ49: NA | CA49: NA | CB49: NA | CC49: NA | CD49: NA | CE49: NA | CF49: NA | CG49: NA | CH49: NA | CI49: NA
A50: Colforsin | B50: =VLOOKUP(A50,MOA!$C$2333:$D$3565,2,FALSE) -> Adenylyl cyclase activator | C50: 3 | D50: 4 | E50: 0.75 | F50: NA | G50: NA | H50: NA | I50: -0.40934849 | J50: NA | K50: NA | L50: NA | M50: NA | N50: -0.49240261 | O50: NA | P50: NA | Q50: NA | R50: 0.60639662 | S50: 0.55657914 | T50: NA | U50: NA | V50: NA | W50: NA | X50: NA | Y50: NA | Z50: NA | AA50: NA | AB50: -0.50195219 | AC50: 0.4630705 | AD50: NA | AE50: NA | AF50: NA | AG50: NA | AH50: NA | AI50: NA | AJ50: NA | AK50: NA | AL50: NA | AM50: NA | AN50: NA | AO50: NA | AP50: NA | AQ50: NA | AR50: NA | AS50: NA | AT50: NA | AU50: NA | AV50: NA | AW50: NA | AX50: NA | AY50: NA | AZ50: NA | BA50: NA | BB50: NA | BC50: NA | BD50: NA | BE50: NA | BF50: NA | BG50: NA | BH50: -0.40828742 | BI50: NA | BJ50: NA | BK50: NA | BL50: NA | BM50: NA | BN50: NA | BO50: NA | BP50: NA | BQ50: NA | BR50: NA | BS50: NA | BT50: NA | BU50: NA | BV50: NA | BW50: NA | BX50: NA | BY50: NA | BZ50: NA | CA50: NA | CB50: NA | CC50: NA | CD50: NA | CE50: NA | CF50: NA | CG50: NA | CH50: NA | CI50: NA
A51: Coleoforsin | B51: =VLOOKUP(A51,MOA!$C$2333:$D$3565,2,FALSE) -> Adenylyl cyclase activator | C51: 2 | D51: 1 | E51: 2 | F51: NA | G51: NA | H51: NA | I51: NA | J51: NA | K51: NA | L51: NA | M51: NA | N51: NA | O51: NA | P51: NA | Q51: NA | R51: NA | S51: 0.45965826 | T51: NA | U51: NA | V51: NA | W51: NA | X51: NA | Y51: NA | Z51: NA | AA51: NA | AB51: 0.40565513 | AC51: NA | AD51: NA | AE51: NA | AF51: NA | AG51: NA | AH51: NA | AI51: NA | AJ51: -0.3736074 | AK51: NA | AL51: NA | AM51: NA | AN51: NA | AO51: NA | AP51: NA | AQ51: NA | AR51: NA | AS51: NA | AT51: NA | AU51: NA | AV51: NA | AW51: NA | AX51: NA | AY51: NA | AZ51: NA | BA51: NA | BB51: NA | BC51: NA | BD51: NA | BE51: NA | BF51: NA | BG51: NA | BH51: NA | BI51: NA | BJ51: NA | BK51: NA | BL51: NA | BM51: NA | BN51: NA | BO51: NA | BP51: NA | BQ51: NA | BR51: NA | BS51: NA | BT51: NA | BU51: NA | BV51: NA | BW51: NA | BX51: NA | BY51: NA | BZ51: NA | CA51: NA | CB51: NA | CC51: NA | CD51: NA | CE51: NA | CF51: NA | CG51: NA | CH51: NA | CI51: NA
A52: Nefazodone | B52: =VLOOKUP(A52,MOA!$C$2333:$D$3565,2,FALSE) -> Adrenergic inhibitor|Norepinephrine reuptake inhibitor|Serotonin receptor antagonist|Serotonin reuptake inhibitor | C52: 3 | D52: 1 | E52: 3 | F52: NA | G52: NA | H52: NA | I52: 0.37836524 | J52: NA | K52: NA | L52: NA | M52: NA | N52: 0.45551121 | O52: NA | P52: NA | Q52: NA | R52: NA | S52: 0.50226899 | T52: NA | U52: NA | V52: NA | W52: NA | X52: NA | Y52: NA | Z52: NA | AA52: NA | AB52: NA | AC52: NA | AD52: NA | AE52: NA | AF52: NA | AG52: NA | AH52: NA | AI52: NA | AJ52: -0.45060374 | AK52: NA | AL52: NA | AM52: NA | AN52: NA | AO52: NA | AP52: NA | AQ52: NA | AR52: NA | AS52: NA | AT52: NA | AU52: NA | AV52: NA | AW52: NA | AX52: NA | AY52: NA | AZ52: NA | BA52: NA | BB52: NA | BC52: NA | BD52: NA | BE52: NA | BF52: NA | BG52: NA | BH52: NA | BI52: NA | BJ52: NA | BK52: NA | BL52: NA | BM52: NA | BN52: NA | BO52: NA | BP52: NA | BQ52: NA | BR52: NA | BS52: NA | BT52: NA | BU52: NA | BV52: NA | BW52: NA | BX52: NA | BY52: NA | BZ52: NA | CA52: NA | CB52: NA | CC52: NA | CD52: NA | CE52: NA | CF52: NA | CG52: NA | CH52: NA | CI52: NA
A53: Venlafaxine | B53: =VLOOKUP(A53,MOA!$C$2333:$D$3565,2,FALSE) -> Adrenergic inhibitor|Norepinephrine reuptake inhibitor|Serotonin reuptake inhibitor | C53: 2 | D53: 1 | E53: 2 | F53: NA | G53: NA | H53: NA | I53: 0.38016735 | J53: NA | K53: -0.37937726 | L53: NA | M53: NA | N53: NA | O53: NA | P53: NA | Q53: NA | R53: NA | S53: NA | T53: NA | U53: NA | V53: NA | W53: NA | X53: NA | Y53: NA | Z53: 0.37029506 | AA53: NA | AB53: NA | AC53: NA | AD53: NA | AE53: NA | AF53: NA | AG53: NA | AH53: NA | AI53: NA | AJ53: NA | AK53: NA | AL53: NA | AM53: NA | AN53: NA | AO53: NA | AP53: NA | AQ53: NA | AR53: NA | AS53: NA | AT53: NA | AU53: NA | AV53: NA | AW53: NA | AX53: NA | AY53: NA | AZ53: NA | BA53: NA | BB53: NA | BC53: NA | BD53: NA | BE53: NA | BF53: NA | BG53: NA | BH53: NA | BI53: NA | BJ53: NA | BK53: NA | BL53: NA | BM53: NA | BN53: NA | BO53: NA | BP53: NA | BQ53: NA | BR53: NA | BS53: NA | BT53: NA | BU53: NA | BV53: NA | BW53: NA | BX53: NA | BY53: NA | BZ53: NA | CA53: NA | CB53: NA | CC53: NA | CD53: NA | CE53: NA | CF53: NA | CG53: NA | CH53: NA | CI53: NA
A54: Epinephrine HCl | B54: =VLOOKUP(A54,MOA!$C$2333:$D$3565,2,FALSE) -> Adrenergic receptor agonist | C54: 0 | D54: 2 | E54: 0 | F54: NA | G54: NA | H54: NA | I54: NA | J54: NA | K54: NA | L54: NA | M54: NA | N54: NA | O54: NA | P54: NA | Q54: NA | R54: NA | S54: NA | T54: NA | U54: NA | V54: NA | W54: NA | X54: NA | Y54: NA | Z54: NA | AA54: NA | AB54: NA | AC54: NA | AD54: NA | AE54: NA | AF54: NA | AG54: NA | AH54: NA | AI54: NA | AJ54: NA | AK54: NA | AL54: NA | AM54: NA | AN54: NA | AO54: NA | AP54: NA | AQ54: NA | AR54: NA | AS54: NA | AT54: NA | AU54: NA | AV54: NA | AW54: -0.37648441 | AX54: NA | AY54: NA | AZ54: NA | BA54: NA | BB54: NA | BC54: NA | BD54: NA | BE54: NA | BF54: NA | BG54: NA | BH54: -0.46010274 | BI54: NA | BJ54: NA | BK54: NA | BL54: NA | BM54: NA | BN54: NA | BO54: NA | BP54: NA | BQ54: NA | BR54: NA | BS54: NA | BT54: NA | BU54: NA | BV54: NA | BW54: NA | BX54: NA | BY54: NA | BZ54: NA | CA54: NA | CB54: NA | CC54: NA | CD54: NA | CE54: NA | CF54: NA | CG54: NA | CH54: NA | CI54: NA
A55: Diethylpropion | B55: =VLOOKUP(A55,MOA!$C$2333:$D$3565,2,FALSE) -> Adrenergic receptor agonist | C55: 1 | D55: 2 | E55: 0.5 | F55: NA | G55: NA | H55: NA | I55: NA | J55: NA | K55: NA | L55: NA | M55: NA | N55: NA | O55: NA | P55: NA | Q55: NA | R55: 0.47674831 | S55: NA | T55: NA | U55: NA | V55: NA | W55: NA | X55: NA | Y55: NA | Z55: NA | AA55: NA | AB55: -0.39592289 | AC55: NA | AD55: NA | AE55: NA | AF55: NA | AG55: NA | AH55: NA | AI55: NA | AJ55: NA | AK55: NA | AL55: NA | AM55: NA | AN55: NA | AO55: NA | AP55: NA | AQ55: NA | AR55: NA | AS55: NA | AT55: NA | AU55: NA | AV55: NA | AW55: -0.4209479 | AX55: NA | AY55: NA | AZ55: NA | BA55: NA | BB55: NA | BC55: NA | BD55: NA | BE55: NA | BF55: NA | BG55: NA | BH55: NA | BI55: NA | BJ55: NA | BK55: NA | BL55: NA | BM55: NA | BN55: NA | BO55: NA | BP55: NA | BQ55: NA | BR55: NA | BS55: NA | BT55: NA | BU55: NA | BV55: NA | BW55: NA | BX55: NA | BY55: NA | BZ55: NA | CA55: NA | CB55: NA | CC55: NA | CD55: NA | CE55: NA | CF55: NA | CG55: NA | CH55: NA | CI55: NA
A56: Nylidrin | B56: =VLOOKUP(A56,MOA!$C$2333:$D$3565,2,FALSE) -> Adrenergic receptor agonist | C56: 2 | D56: 1 | E56: 2 | F56: NA | G56: NA | H56: NA | I56: NA | J56: NA | K56: NA | L56: NA | M56: NA | N56: NA | O56: NA | P56: NA | Q56: NA | R56: NA | S56: 0.72619069 | T56: -0.40952191 | U56: NA | V56: NA | W56: NA | X56: NA | Y56: NA | Z56: NA | AA56: NA | AB56: NA | AC56: 0.49575421 | AD56: NA | AE56: NA | AF56: NA | AG56: NA | AH56: NA | AI56: NA | AJ56: NA | AK56: NA | AL56: NA | AM56: NA | AN56: NA | AO56: NA | AP56: NA | AQ56: NA | AR56: NA | AS56: NA | AT56: NA | AU56: NA | AV56: NA | AW56: NA | AX56: NA | AY56: NA | AZ56: NA | BA56: NA | BB56: NA | BC56: NA | BD56: NA | BE56: NA | BF56: NA | BG56: NA | BH56: NA | BI56: NA | BJ56: NA | BK56: NA | BL56: NA | BM56: NA | BN56: NA | BO56: NA | BP56: NA | BQ56: NA | BR56: NA | BS56: NA | BT56: NA | BU56: NA | BV56: NA | BW56: NA | BX56: NA | BY56: NA | BZ56: NA | CA56: NA | CB56: NA | CC56: NA | CD56: NA | CE56: NA | CF56: NA | CG56: NA | CH56: NA | CI56: NA
A57: Bambuterol | B57: =VLOOKUP(A57,MOA!$C$2333:$D$3565,2,FALSE) -> Adrenergic receptor agonist | C57: 0 | D57: 2 | E57: 0 | F57: NA | G57: NA | H57: NA | I57: NA | J57: NA | K57: NA | L57: NA | M57: NA | N57: NA | O57: NA | P57: NA | Q57: NA | R57: NA | S57: NA | T57: NA | U57: NA | V57: NA | W57: NA | X57: NA | Y57: NA | Z57: NA | AA57: NA | AB57: -0.3766065 | AC57: NA | AD57: NA | AE57: NA | AF57: NA | AG57: NA | AH57: NA | AI57: NA | AJ57: NA | AK57: NA | AL57: NA | AM57: NA | AN57: NA | AO57: NA | AP57: NA | AQ57: NA | AR57: NA | AS57: NA | AT57: NA | AU57: NA | AV57: NA | AW57: -0.39593459 | AX57: NA | AY57: NA | AZ57: NA | BA57: NA | BB57: NA | BC57: NA | BD57: NA | BE57: NA | BF57: NA | BG57: NA | BH57: NA | BI57: NA | BJ57: NA | BK57: NA | BL57: NA | BM57: NA | BN57: NA | BO57: NA | BP57: NA | BQ57: NA | BR57: NA | BS57: NA | BT57: NA | BU57: NA | BV57: NA | BW57: NA | BX57: NA | BY57: NA | BZ57: NA | CA57: NA | CB57: NA | CC57: NA | CD57: NA | CE57: NA | CF57: NA | CG57: NA | CH57: NA | CI57: NA
A58: Formoterol | B58: =VLOOKUP(A58,MOA!$C$2333:$D$3565,2,FALSE) -> Adrenergic receptor agonist | C58: 2 | D58: 2 | E58: 1 | F58: NA | G58: NA | H58: NA | I58: NA | J58: NA | K58: NA | L58: NA | M58: NA | N58: 0.53963834 | O58: NA | P58: NA | Q58: NA | R58: -0.35457521 | S58: NA | T58: -0.40878729 | U58: NA | V58: NA | W58: NA | X58: NA | Y58: NA | Z58: NA | AA58: NA | AB58: NA | AC58: 0.52034644 | AD58: NA | AE58: NA | AF58: NA | AG58: NA | AH58: NA | AI58: NA | AJ58: NA | AK58: NA | AL58: NA | AM58: NA | AN58: NA | AO58: NA | AP58: NA | AQ58: NA | AR58: NA | AS58: NA | AT58: NA | AU58: NA | AV58: NA | AW58: NA | AX58: NA | AY58: NA | AZ58: NA | BA58: NA | BB58: NA | BC58: NA | BD58: NA | BE58: NA | BF58: NA | BG58: NA | BH58: NA | BI58: NA | BJ58: NA | BK58: NA | BL58: NA | BM58: NA | BN58: NA | BO58: NA | BP58: NA | BQ58: NA | BR58: NA | BS58: NA | BT58: NA | BU58: NA | BV58: NA | BW58: NA | BX58: NA | BY58: NA | BZ58: NA | CA58: NA | CB58: NA | CC58: NA | CD58: NA | CE58: NA | CF58: NA | CG58: NA | CH58: NA | CI58: NA
A59: Fenoterol | B59: =VLOOKUP(A59,MOA!$C$2333:$D$3565,2,FALSE) -> Adrenergic receptor agonist | C59: 3 | D59: 2 | E59: 1.5 | F59: NA | G59: NA | H59: NA | I59: -0.40857848 | J59: NA | K59: NA | L59: NA | M59: 0.56377776 | N59: 0.44759164 | O59: NA | P59: NA | Q59: NA | R59: NA | S59: NA | T59: NA | U59: NA | V59: NA | W59: NA | X59: NA | Y59: NA | Z59: NA | AA59: NA | AB59: NA | AC59: 0.39019381 | AD59: NA | AE59: NA | AF59: NA | AG59: NA | AH59: NA | AI59: NA | AJ59: NA | AK59: NA | AL59: NA | AM59: NA | AN59: NA | AO59: NA | AP59: NA | AQ59: NA | AR59: NA | AS59: NA | AT59: NA | AU59: NA | AV59: NA | AW59: NA | AX59: NA | AY59: NA | AZ59: NA | BA59: NA | BB59: NA | BC59: NA | BD59: NA | BE59: NA | BF59: NA | BG59: NA | BH59: -0.34823543 | BI59: NA | BJ59: NA | BK59: NA | BL59: NA | BM59: NA | BN59: NA | BO59: NA | BP59: NA | BQ59: NA | BR59: NA | BS59: NA | BT59: NA | BU59: NA | BV59: NA | BW59: NA | BX59: NA | BY59: NA | BZ59: NA | CA59: NA | CB59: NA | CC59: NA | CD59: NA | CE59: NA | CF59: NA | CG59: NA | CH59: NA | CI59: NA
A60: Salmeterol | B60: =VLOOKUP(A60,MOA!$C$2333:$D$3565,2,FALSE) -> Adrenergic receptor agonist | C60: 2 | D60: 3 | E60: 0.66666667 | F60: NA | G60: NA | H60: NA | I60: -0.55983293 | J60: NA | K60: NA | L60: NA | M60: NA | N60: 0.40808696 | O60: NA | P60: NA | Q60: NA | R60: -0.41131428 | S60: NA | T60: -0.41640722 | U60: NA | V60: NA | W60: NA | X60: NA | Y60: NA | Z60: NA | AA60: NA | AB60: NA | AC60: 0.455515 | AD60: NA | AE60: NA | AF60: NA | AG60: NA | AH60: NA | AI60: NA | AJ60: NA | AK60: NA | AL60: NA | AM60: NA | AN60: NA | AO60: NA | AP60: NA | AQ60: NA | AR60: NA | AS60: NA | AT60: NA | AU60: NA | AV60: NA | AW60: NA | AX60: NA | AY60: NA | AZ60: NA | BA60: NA | BB60: NA | BC60: NA | BD60: NA | BE60: NA | BF60: NA | BG60: NA | BH60: NA | BI60: NA | BJ60: NA | BK60: NA | BL60: NA | BM60: NA | BN60: NA | BO60: NA | BP60: NA | BQ60: NA | BR60: NA | BS60: NA | BT60: NA | BU60: NA | BV60: NA | BW60: NA | BX60: NA | BY60: NA | BZ60: NA | CA60: NA | CB60: NA | CC60: NA | CD60: NA | CE60: NA | CF60: NA | CG60: NA | CH60: NA | CI60: NA
A61: Oxymetazoline | B61: =VLOOKUP(A61,MOA!$C$2333:$D$3565,2,FALSE) -> Adrenergic receptor agonist | C61: 0 | D61: 3 | E61: 0 | F61: NA | G61: NA | H61: NA | I61: NA | J61: NA | K61: NA | L61: NA | M61: NA | N61: NA | O61: NA | P61: NA | Q61: NA | R61: NA | S61: NA | T61: -0.53062883 | U61: NA | V61: NA | W61: NA | X61: NA | Y61: NA | Z61: NA | AA61: NA | AB61: NA | AC61: NA | AD61: NA | AE61: NA | AF61: NA | AG61: NA | AH61: NA | AI61: NA | AJ61: -0.43447057 | AK61: NA | AL61: NA | AM61: NA | AN61: NA | AO61: NA | AP61: NA | AQ61: NA | AR61: NA | AS61: NA | AT61: NA | AU61: NA | AV61: NA | AW61: -0.39138634 | AX61: NA | AY61: NA | AZ61: NA | BA61: NA | BB61: NA | BC61: NA | BD61: NA | BE61: NA | BF61: NA | BG61: NA | BH61: NA | BI61: NA | BJ61: NA | BK61: NA | BL61: NA | BM61: NA | BN61: NA | BO61: NA | BP61: NA | BQ61: NA | BR61: NA | BS61: NA | BT61: NA | BU61: NA | BV61: NA | BW61: NA | BX61: NA | BY61: NA | BZ61: NA | CA61: NA | CB61: NA | CC61: NA | CD61: NA | CE61: NA | CF61: NA | CG61: NA | CH61: NA | CI61: NA
A62: Dipivefrin | B62: =VLOOKUP(A62,MOA!$C$2333:$D$3565,2,FALSE) -> Adrenergic receptor agonist | C62: 0 | D62: 2 | E62: 0 | F62: NA | G62: NA | H62: NA | I62: -0.45444441 | J62: NA | K62: NA | L62: NA | M62: NA | N62: NA | O62: NA | P62: NA | Q62: NA | R62: NA | S62: -0.38984338 | T62: NA | U62: NA | V62: NA | W62: NA | X62: NA | Y62: NA | Z62: NA | AA62: NA | AB62: NA | AC62: NA | AD62: NA | AE62: NA | AF62: NA | AG62: NA | AH62: NA | AI62: NA | AJ62: NA | AK62: NA | AL62: NA | AM62: NA | AN62: NA | AO62: NA | AP62: NA | AQ62: NA | AR62: NA | AS62: NA | AT62: NA | AU62: NA | AV62: NA | AW62: NA | AX62: NA | AY62: NA | AZ62: NA | BA62: NA | BB62: NA | BC62: NA | BD62: NA | BE62: NA | BF62: NA | BG62: NA | BH62: NA | BI62: NA | BJ62: NA | BK62: NA | BL62: NA | BM62: NA | BN62: NA | BO62: NA | BP62: NA | BQ62: NA | BR62: NA | BS62: NA | BT62: NA | BU62: NA | BV62: NA | BW62: NA | BX62: NA | BY62: NA | BZ62: NA | CA62: NA | CB62: NA | CC62: NA | CD62: NA | CE62: NA | CF62: NA | CG62: NA | CH62: NA | CI62: NA
A63: Tizanidine | B63: =VLOOKUP(A63,MOA!$C$2333:$D$3565,2,FALSE) -> Adrenergic receptor agonist | C63: 1 | D63: 1 | E63: 1 | F63: NA | G63: NA | H63: NA | I63: NA | J63: NA | K63: NA | L63: NA | M63: NA | N63: NA | O63: NA | P63: NA | Q63: NA | R63: NA | S63: NA | T63: NA | U63: NA | V63: NA | W63: NA | X63: NA | Y63: NA | Z63: NA | AA63: NA | AB63: NA | AC63: 0.4088577 | AD63: NA | AE63: NA | AF63: NA | AG63: NA | AH63: NA | AI63: NA | AJ63: -0.41891422 | AK63: NA | AL63: NA | AM63: NA | AN63: NA | AO63: NA | AP63: NA | AQ63: NA | AR63: NA | AS63: NA | AT63: NA | AU63: NA | AV63: NA | AW63: NA | AX63: NA | AY63: NA | AZ63: NA | BA63: NA | BB63: NA | BC63: NA | BD63: NA | BE63: NA | BF63: NA | BG63: NA | BH63: NA | BI63: NA | BJ63: NA | BK63: NA | BL63: NA | BM63: NA | BN63: NA | BO63: NA | BP63: NA | BQ63: NA | BR63: NA | BS63: NA | BT63: NA | BU63: NA | BV63: NA | BW63: NA | BX63: NA | BY63: NA | BZ63: NA | CA63: NA | CB63: NA | CC63: NA | CD63: NA | CE63: NA | CF63: NA | CG63: NA | CH63: NA | CI63: NA
A64: Clonidine | B64: =VLOOKUP(A64,MOA!$C$2333:$D$3565,2,FALSE) -> Adrenergic receptor agonist | C64: 1 | D64: 3 | E64: 0.33333333 | F64: NA | G64: NA | H64: NA | I64: -0.40576468 | J64: NA | K64: NA | L64: NA | M64: NA | N64: 0.6303589 | O64: NA | P64: NA | Q64: NA | R64: NA | S64: NA | T64: NA | U64: NA | V64: NA | W64: NA | X64: NA | Y64: NA | Z64: NA | AA64: NA | AB64: -0.38616172 | AC64: NA | AD64: NA | AE64: NA | AF64: NA | AG64: NA | AH64: NA | AI64: NA | AJ64: -0.37551176 | AK64: NA | AL64: NA | AM64: NA | AN64: NA | AO64: NA | AP64: NA | AQ64: NA | AR64: NA | AS64: NA | AT64: NA | AU64: NA | AV64: NA | AW64: NA | AX64: NA | AY64: NA | AZ64: NA | BA64: NA | BB64: NA | BC64: NA | BD64: NA | BE64: NA | BF64: NA | BG64: NA | BH64: NA | BI64: NA | BJ64: NA | BK64: NA | BL64: NA | BM64: NA | BN64: NA | BO64: NA | BP64: NA | BQ64: NA | BR64: NA | BS64: NA | BT64: NA | BU64: NA | BV64: NA | BW64: NA | BX64: NA | BY64: NA | BZ64: NA | CA64: NA | CB64: NA | CC64: NA | CD64: NA | CE64: NA | CF64: NA | CG64: NA | CH64: NA | CI64: NA
A65: Midodrine | B65: =VLOOKUP(A65,MOA!$C$2333:$D$3565,2,FALSE) -> Adrenergic receptor agonist | C65: 2 | D65: 0 | E65: Inf | F65: NA | G65: NA | H65: NA | I65: NA | J65: NA | K65: NA | L65: NA | M65: NA | N65: NA | O65: NA | P65: NA | Q65: NA | R65: 0.40166993 | S65: NA | T65: NA | U65: NA | V65: NA | W65: NA | X65: NA | Y65: NA | Z65: NA | AA65: NA | AB65: NA | AC65: NA | AD65: NA | AE65: NA | AF65: NA | AG65: NA | AH65: NA | AI65: NA | AJ65: 0.36139873 | AK65: NA | AL65: NA | AM65: NA | AN65: NA | AO65: NA | AP65: NA | AQ65: NA | AR65: NA | AS65: NA | AT65: NA | AU65: NA | AV65: NA | AW65: NA | AX65: NA | AY65: NA | AZ65: NA | BA65: NA | BB65: NA | BC65: NA | BD65: NA | BE65: NA | BF65: NA | BG65: NA | BH65: NA | BI65: NA | BJ65: NA | BK65: NA | BL65: NA | BM65: NA | BN65: NA | BO65: NA | BP65: NA | BQ65: NA | BR65: NA | BS65: NA | BT65: NA | BU65: NA | BV65: NA | BW65: NA | BX65: NA | BY65: NA | BZ65: NA | CA65: NA | CB65: NA | CC65: NA | CD65: NA | CE65: NA | CF65: NA | CG65: NA | CH65: NA | CI65: NA
A66: Procaterol | B66: =VLOOKUP(A66,MOA!$C$2333:$D$3565,2,FALSE) -> Adrenergic receptor agonist | C66: 2 | D66: 0 | E66: Inf | F66: NA | G66: NA | H66: NA | I66: NA | J66: NA | K66: NA | L66: NA | M66: NA | N66: NA | O66: NA | P66: NA | Q66: NA | R66: NA | S66: 0.42867443 | T66: NA | U66: NA | V66: NA | W66: NA | X66: NA | Y66: NA | Z66: NA | AA66: NA | AB66: NA | AC66: 0.62865836 | AD66: NA | AE66: NA | AF66: NA | AG66: NA | AH66: NA | AI66: NA | AJ66: NA | AK66: NA | AL66: NA | AM66: NA | AN66: NA | AO66: NA | AP66: NA | AQ66: NA | AR66: NA | AS66: NA | AT66: NA | AU66: NA | AV66: NA | AW66: NA | AX66: NA | AY66: NA | AZ66: NA | BA66: NA | BB66: NA | BC66: NA | BD66: NA | BE66: NA | BF66: NA | BG66: NA | BH66: NA | BI66: NA | BJ66: NA | BK66: NA | BL66: NA | BM66: NA | BN66: NA | BO66: NA | BP66: NA | BQ66: NA | BR66: NA | BS66: NA | BT66: NA | BU66: NA | BV66: NA | BW66: NA | BX66: NA | BY66: NA | BZ66: NA | CA66: NA | CB66: NA | CC66: NA | CD66: NA | CE66: NA | CF66: NA | CG66: NA | CH66: NA | CI66: NA
A67: Metaproterenol | B67: =VLOOKUP(A67,MOA!$C$2333:$D$3565,2,FALSE) -> Adrenergic receptor agonist | C67: 2 | D67: 0 | E67: Inf | F67: NA | G67: NA | H67: NA | I67: NA | J67: NA | K67: NA | L67: NA | M67: NA | N67: 0.49081793 | O67: NA | P67: NA | Q67: NA | R67: NA | S67: NA | T67: NA | U67: NA | V67: NA | W67: NA | X67: NA | Y67: NA | Z67: NA | AA67: NA | AB67: NA | AC67: 0.38963699 | AD67: NA | AE67: NA | AF67: NA | AG67: NA | AH67: NA | AI67: NA | AJ67: NA | AK67: NA | AL67: NA | AM67: NA | AN67: NA | AO67: NA | AP67: NA | AQ67: NA | AR67: NA | AS67: NA | AT67: NA | AU67: NA | AV67: NA | AW67: NA | AX67: NA | AY67: NA | AZ67: NA | BA67: NA | BB67: NA | BC67: NA | BD67: NA | BE67: NA | BF67: NA | BG67: NA | BH67: NA | BI67: NA | BJ67: NA | BK67: NA | BL67: NA | BM67: NA | BN67: NA | BO67: NA | BP67: NA | BQ67: NA | BR67: NA | BS67: NA | BT67: NA | BU67: NA | BV67: NA | BW67: NA | BX67: NA | BY67: NA | BZ67: NA | CA67: NA | CB67: NA | CC67: NA | CD67: NA | CE67: NA | CF67: NA | CG67: NA | CH67: NA | CI67: NA
A68: Rilmenidine | B68: =VLOOKUP(A68,MOA!$C$2333:$D$3565,2,FALSE) -> Adrenergic receptor agonist|Imidazoline receptor agonist | C68: 4 | D68: 2 | E68: 2 | F68: NA | G68: NA | H68: NA | I68: NA | J68: NA | K68: NA | L68: NA | M68: NA | N68: NA | O68: NA | P68: NA | Q68: NA | R68: NA | S68: 0.40570763 | T68: NA | U68: NA | V68: NA | W68: NA | X68: NA | Y68: NA | Z68: NA | AA68: NA | AB68: NA | AC68: -0.35182252 | AD68: NA | AE68: NA | AF68: NA | AG68: NA | AH68: NA | AI68: NA | AJ68: -0.40127496 | AK68: NA | AL68: NA | AM68: NA | AN68: NA | AO68: NA | AP68: NA | AQ68: NA | AR68: NA | AS68: NA | AT68: NA | AU68: NA | AV68: NA | AW68: NA | AX68: NA | AY68: NA | AZ68: NA | BA68: NA | BB68: NA | BC68: NA | BD68: NA | BE68: NA | BF68: NA | BG68: NA | BH68: NA | BI68: 0.38592249 | BJ68: NA | BK68: NA | BL68: 0.32444874 | BM68: NA | BN68: NA | BO68: NA | BP68: NA | BQ68: NA | BR68: NA | BS68: NA | BT68: NA | BU68: NA | BV68: 0.51998403 | BW68: NA | BX68: NA | BY68: NA | BZ68: NA | CA68: NA | CB68: NA | CC68: NA | CD68: NA | CE68: NA | CF68: NA | CG68: NA | CH68: NA | CI68: NA
A69: Ergoatetrine | B69: =VLOOKUP(A69,MOA!$C$2333:$D$3565,2,FALSE) -> Adrenergic receptor agonist|Serotonin receptor agonist | C69: 3 | D69: 1 | E69: 3 | F69: NA | G69: NA | H69: NA | I69: 0.32310159 | J69: NA | K69: NA | L69: -0.38656011 | M69: 0.37117374 | N69: 0.47594431 | O69: NA | P69: NA | Q69: NA | R69: NA | S69: NA | T69: NA | U69: NA | V69: NA | W69: NA | X69: NA | Y69: NA | Z69: NA | AA69: NA | AB69: NA | AC69: NA | AD69: NA | AE69: NA | AF69: NA | AG69: NA | AH69: NA | AI69: NA | AJ69: NA | AK69: NA | AL69: NA | AM69: NA | AN69: NA | AO69: NA | AP69: NA | AQ69: NA | AR69: NA | AS69: NA | AT69: NA | AU69: NA | AV69: NA | AW69: NA | AX69: NA | AY69: NA | AZ69: NA | BA69: NA | BB69: NA | BC69: NA | BD69: NA | BE69: NA | BF69: NA | BG69: NA | BH69: NA | BI69: NA | BJ69: NA | BK69: NA | BL69: NA | BM69: NA | BN69: NA | BO69: NA | BP69: NA | BQ69: NA | BR69: NA | BS69: NA | BT69: NA | BU69: NA | BV69: NA | BW69: NA | BX69: NA | BY69: NA | BZ69: NA | CA69: NA | CB69: NA | CC69: NA | CD69: NA | CE69: NA | CF69: NA | CG69: NA | CH69: NA | CI69: NA
A70: Norcyclobenzaprine | B70: =VLOOKUP(A70,MOA!$C$2333:$D$3565,2,FALSE) -> Adrenergic receptor agonist|Serotonin receptor antagonist | C70: 0 | D70: 2 | E70: 0 | F70: NA | G70: NA | H70: NA | I70: -0.49852113 | J70: NA | K70: NA | L70: NA | M70: NA | N70: NA | O70: NA | P70: NA | Q70: NA | R70: NA | S70: NA | T70: NA | U70: NA | V70: NA | W70: NA | X70: NA | Y70: NA | Z70: NA | AA70: NA | AB70: NA | AC70: NA | AD70: NA | AE70: NA | AF70: NA | AG70: NA | AH70: NA | AI70: NA | AJ70: -0.42581874 | AK70: NA | AL70: NA | AM70: NA | AN70: NA | AO70: NA | AP70: NA | AQ70: NA | AR70: NA | AS70: NA | AT70: NA | AU70: NA | AV70: NA | AW70: NA | AX70: NA | AY70: NA | AZ70: NA | BA70: NA | BB70: NA | BC70: NA | BD70: NA | BE70: NA | BF70: NA | BG70: NA | BH70: NA | BI70: NA | BJ70: NA | BK70: NA | BL70: NA | BM70: NA | BN70: NA | BO70: NA | BP70: NA | BQ70: NA | BR70: NA | BS70: NA | BT70: NA | BU70: NA | BV70: NA | BW70: NA | BX70: NA | BY70: NA | BZ70: NA | CA70: NA | CB70: NA | CC70: NA | CD70: NA | CE70: NA | CF70: NA | CG70: NA | CH70: NA | CI70: NA
A71: Phenoxybenzamine | B71: =VLOOKUP(A71,MOA!$C$2333:$D$3565,2,FALSE) -> Adrenergic receptor alpha antagonist | C71: 2 | D71: 1 | E71: 2 | F71: NA | G71: NA | H71: NA | I71: NA | J71: NA | K71: 0.4300792 | L71: 0.57224923 | M71: NA | N71: NA | O71: NA | P71: NA | Q71: NA | R71: NA | S71: NA | T71: -0.67976119 | U71: NA | V71: NA | W71: NA | X71: NA | Y71: NA | Z71: NA | AA71: NA | AB71: NA | AC71: NA | AD71: NA | AE71: NA | AF71: NA | AG71: NA | AH71: NA | AI71: NA | AJ71: NA | AK71: NA | AL71: NA | AM71: NA | AN71: NA | AO71: NA | AP71: NA | AQ71: NA | AR71: NA | AS71: NA | AT71: NA | AU71: NA | AV71: NA | AW71: NA | AX71: NA | AY71: NA | AZ71: NA | BA71: NA | BB71: NA | BC71: NA | BD71: NA | BE71: NA | BF71: NA | BG71: NA | BH71: NA | BI71: NA | BJ71: NA | BK71: NA | BL71: NA | BM71: NA | BN71: NA | BO71: NA | BP71: NA | BQ71: NA | BR71: NA | BS71: NA | BT71: NA | BU71: NA | BV71: NA | BW71: NA | BX71: NA | BY71: NA | BZ71: NA | CA71: NA | CB71: NA | CC71: NA | CD71: NA | CE71: NA | CF71: NA | CG71: NA | CH71: NA | CI71: NA
A72: Prazosin | B72: =VLOOKUP(A72,MOA!$C$2333:$D$3565,2,FALSE) -> Adrenergic receptor alpha-1 antagonist | C72: 4 | D72: 0 | E72: Inf | F72: NA | G72: NA | H72: NA | I72: 0.37689664 | J72: NA | K72: NA | L72: NA | M72: NA | N72: NA | O72: NA | P72: NA | Q72: NA | R72: 0.42072543 | S72: 0.34216995 | T72: NA | U72: NA | V72: NA | W72: NA | X72: NA | Y72: NA | Z72: NA | AA72: NA | AB72: NA | AC72: NA | AD72: NA | AE72: NA | AF72: NA | AG72: NA | AH72: NA | AI72: NA | AJ72: NA | AK72: NA | AL72: NA | AM72: NA | AN72: NA | AO72: NA | AP72: NA | AQ72: NA | AR72: NA | AS72: NA | AT72: NA | AU72: NA | AV72: NA | AW72: NA | AX72: NA | AY72: NA | AZ72: NA | BA72: NA | BB72: NA | BC72: NA | BD72: NA | BE72: NA | BF72: NA | BG72: NA | BH72: 0.38853226 | BI72: NA | BJ72: NA | BK72: NA | BL72: NA | BM72: NA | BN72: NA | BO72: NA | BP72: NA | BQ72: NA | BR72: NA | BS72: NA | BT72: NA | BU72: NA | BV72: NA | BW72: NA | BX72: NA | BY72: NA | BZ72: NA | CA72: NA | CB72: NA | CC72: NA | CD72: NA | CE72: NA | CF72: NA | CG72: NA | CH72: NA | CI72: NA
A73: Esmolol | B73: =VLOOKUP(A73,MOA!$C$2333:$D$3565,2,FALSE) -> Adrenergic receptor antagonist | C73: 1 | D73: 3 | E73: 0.33333333 | F73: NA | G73: NA | H73: NA | I73: -0.36666734 | J73: NA | K73: NA | L73: NA | M73: NA | N73: NA | O73: NA | P73: NA | Q73: NA | R73: -0.3920288 | S73: NA | T73: NA | U73: NA | V73: NA | W73: NA | X73: NA | Y73: NA | Z73: NA | AA73: NA | AB73: NA | AC73: 0.44668139 | AD73: NA | AE73: NA | AF73: NA | AG73: NA | AH73: NA | AI73: NA | AJ73: NA | AK73: NA | AL73: NA | AM73: NA | AN73: NA | AO73: NA | AP73: NA | AQ73: NA | AR73: NA | AS73: NA | AT73: NA | AU73: NA | AV73: NA | AW73: NA | AX73: NA | AY73: NA | AZ73: NA | BA73: NA | BB73: NA | BC73: NA | BD73: NA | BE73: NA | BF73: NA | BG73: NA | BH73: -0.67046044 | BI73: NA | BJ73: NA | BK73: NA | BL73: NA | BM73: NA | BN73: NA | BO73: NA | BP73: NA | BQ73: NA | BR73: NA | BS73: NA | BT73: NA | BU73: NA | BV73: NA | BW73: NA | BX73: NA | BY73: NA | BZ73: NA | CA73: NA | CB73: NA | CC73: NA | CD73: NA | CE73: NA | CF73: NA | CG73: NA | CH73: NA | CI73: NA
A74: Naftopidil | B74: =VLOOKUP(A74,MOA!$C$2333:$D$3565,2,FALSE) -> Adrenergic receptor antagonist | C74: 0 | D74: 3 | E74: 0 | F74: NA | G74: NA | H74: NA | I74: NA | J74: NA | K74: NA | L74: NA | M74: NA | N74: NA | O74: NA | P74: NA | Q74: NA | R74: -0.61804632 | S74: NA | T74: NA | U74: NA | V74: NA | W74: NA | X74: NA | Y74: NA | Z74: NA | AA74: NA | AB74: -0.45650077 | AC74: -0.46322135 | AD74: NA | AE74: NA | AF74: NA | AG74: NA | AH74: NA | AI74: NA | AJ74: NA | AK74: NA | AL74: NA | AM74: NA | AN74: NA | AO74: NA | AP74: NA | AQ74: NA | AR74: NA | AS74: NA | AT74: NA | AU74: NA | AV74: NA | AW74: NA | AX74: NA | AY74: NA | AZ74: NA | BA74: NA | BB74: NA | BC74: NA | BD74: NA | BE74: NA | BF74: NA | BG74: NA | BH74: NA | BI74: NA | BJ74: NA | BK74: NA | BL74: NA | BM74: NA | BN74: NA | BO74: NA | BP74: NA | BQ74: NA | BR74: NA | BS74: NA | BT74: NA | BU74: NA | BV74: NA | BW74: NA | BX74: NA | BY74: NA | BZ74: NA | CA74: NA | CB74: NA | CC74: NA | CD74: NA | CE74: NA | CF74: NA | CG74: NA | CH74: NA | CI74: NA
A75: Sotalol | B75: =VLOOKUP(A75,MOA!$C$2333:$D$3565,2,FALSE) -> Adrenergic receptor antagonist | C75: 1 | D75: 2 | E75: 0.5 | F75: NA | G75: NA | H75: NA | I75: -0.38666112 | J75: NA | K75: NA | L75: NA | M75: NA | N75: NA | O75: NA | P75: NA | Q75: NA | R75: NA | S75: NA | T75: NA | U75: NA | V75: NA | W75: NA | X75: NA | Y75: NA | Z75: NA | AA75: NA | AB75: NA | AC75: 0.3544083 | AD75: NA | AE75: NA | AF75: NA | AG75: NA | AH75: NA | AI75: NA | AJ75: NA | AK75: NA | AL75: NA | AM75: NA | AN75: NA | AO75: NA | AP75: NA | AQ75: NA | AR75: NA | AS75: NA | AT75: NA | AU75: NA | AV75: NA | AW75: -0.57156639 | AX75: NA | AY75: NA | AZ75: NA | BA75: NA | BB75: NA | BC75: NA | BD75: NA | BE75: NA | BF75: NA | BG75: NA | BH75: NA | BI75: NA | BJ75: NA | BK75: NA | BL75: NA | BM75: NA | BN75: NA | BO75: NA | BP75: NA | BQ75: NA | BR75: NA | BS75: NA | BT75: NA | BU75: NA | BV75: NA | BW75: NA | BX75: NA | BY75: NA | BZ75: NA | CA75: NA | CB75: NA | CC75: NA | CD75: NA | CE75: NA | CF75: NA | CG75: NA | CH75: NA | CI75: NA
A76: Betaxolol | B76: =VLOOKUP(A76,MOA!$C$2333:$D$3565,2,FALSE) -> Adrenergic receptor antagonist | C76: 0 | D76: 2 | E76: 0 | F76: NA | G76: NA | H76: NA | I76: NA | J76: NA | K76: NA | L76: NA | M76: NA | N76: NA | O76: NA | P76: NA | Q76: NA | R76: NA | S76: -0.41463936 | T76: -0.55059765 | U76: NA | V76: NA | W76: NA | X76: NA | Y76: NA | Z76: NA | AA76: NA | AB76: NA | AC76: NA | AD76: NA | AE76: NA | AF76: NA | AG76: NA | AH76: NA | AI76: NA | AJ76: NA | AK76: NA | AL76: NA | AM76: NA | AN76: NA | AO76: NA | AP76: NA | AQ76: NA | AR76: NA | AS76: NA | AT76: NA | AU76: NA | AV76: NA | AW76: NA | AX76: NA | AY76: NA | AZ76: NA | BA76: NA | BB76: NA | BC76: NA | BD76: NA | BE76: NA | BF76: NA | BG76: NA | BH76: NA | BI76: NA | BJ76: NA | BK76: NA | BL76: NA | BM76: NA | BN76: NA | BO76: NA | BP76: NA | BQ76: NA | BR76: NA | BS76: NA | BT76: NA | BU76: NA | BV76: NA | BW76: NA | BX76: NA | BY76: NA | BZ76: NA | CA76: NA | CB76: NA | CC76: NA | CD76: NA | CE76: NA | CF76: NA | CG76: NA | CH76: NA | CI76: NA
A77: Labetalol | B77: =VLOOKUP(A77,MOA!$C$2333:$D$3565,2,FALSE) -> Adrenergic receptor antagonist | C77: 1 | D77: 1 | E77: 1 | F77: NA | G77: NA | H77: NA | I77: NA | J77: NA | K77: NA | L77: NA | M77: NA | N77: NA | O77: NA | P77: NA | Q77: NA | R77: -0.40158055 | S77: NA | T77: NA | U77: NA | V77: NA | W77: NA | X77: NA | Y77: NA | Z77: NA | AA77: NA | AB77: 0.42842827 | AC77: NA | AD77: NA | AE77: NA | AF77: NA | AG77: NA | AH77: NA | AI77: NA | AJ77: NA | AK77: NA | AL77: NA | AM77: NA | AN77: NA | AO77: NA | AP77: NA | AQ77: NA | AR77: NA | AS77: NA | AT77: NA | AU77: NA | AV77: NA | AW77: NA | AX77: NA | AY77: NA | AZ77: NA | BA77: NA | BB77: NA | BC77: NA | BD77: NA | BE77: NA | BF77: NA | BG77: NA | BH77: NA | BI77: NA | BJ77: NA | BK77: NA | BL77: NA | BM77: NA | BN77: NA | BO77: NA | BP77: NA | BQ77: NA | BR77: NA | BS77: NA | BT77: NA | BU77: NA | BV77: NA | BW77: NA | BX77: NA | BY77: NA | BZ77: NA | CA77: NA | CB77: NA | CC77: NA | CD77: NA | CE77: NA | CF77: NA | CG77: NA | CH77: NA | CI77: NA
A78: Vinburnine | B78: =VLOOKUP(A78,MOA!$C$2333:$D$3565,2,FALSE) -> Adrenergic receptor antagonist | C78: 0 | D78: 3 | E78: 0 | F78: NA | G78: NA | H78: NA | I78: NA | J78: NA | K78: NA | L78: NA | M78: NA | N78: NA | O78: NA | P78: NA | Q78: NA | R78: NA | S78: -0.33208014 | T78: NA | U78: NA | V78: NA | W78: NA | X78: NA | Y78: NA | Z78: NA | AA78: NA | AB78: NA | AC78: -0.39575152 | AD78: NA | AE78: NA | AF78: NA | AG78: NA | AH78: NA | AI78: NA | AJ78: NA | AK78: NA | AL78: NA | AM78: NA | AN78: NA | AO78: NA | AP78: NA | AQ78: NA | AR78: NA | AS78: NA | AT78: NA | AU78: NA | AV78: NA | AW78: -0.38958703 | AX78: NA | AY78: NA | AZ78: NA | BA78: NA | BB78: NA | BC78: NA | BD78: NA | BE78: NA | BF78: NA | BG78: NA | BH78: NA | BI78: NA | BJ78: NA | BK78: NA | BL78: NA | BM78: NA | BN78: NA | BO78: NA | BP78: NA | BQ78: NA | BR78: NA | BS78: NA | BT78: NA | BU78: NA | BV78: NA | BW78: NA | BX78: NA | BY78: NA | BZ78: NA | CA78: NA | CB78: NA | CC78: NA | CD78: NA | CE78: NA | CF78: NA | CG78: NA | CH78: NA | CI78: NA
A79: Yohimbine | B79: =VLOOKUP(A79,MOA!$C$2333:$D$3565,2,FALSE) -> Adrenergic receptor antagonist | C79: 0 | D79: 2 | E79: 0 | F79: NA | G79: NA | H79: NA | I79: NA | J79: NA | K79: NA | L79: NA | M79: NA | N79: NA | O79: NA | P79: NA | Q79: NA | R79: NA | S79: -0.34253428 | T79: NA | U79: NA | V79: NA | W79: NA | X79: NA | Y79: NA | Z79: NA | AA79: NA | AB79: NA | AC79: NA | AD79: NA | AE79: NA | AF79: NA | AG79: NA | AH79: NA | AI79: NA | AJ79: NA | AK79: NA | AL79: NA | AM79: NA | AN79: NA | AO79: NA | AP79: NA | AQ79: NA | AR79: NA | AS79: NA | AT79: NA | AU79: NA | AV79: NA | AW79: -0.34138938 | AX79: NA | AY79: NA | AZ79: NA | BA79: NA | BB79: NA | BC79: NA | BD79: NA | BE79: NA | BF79: NA | BG79: NA | BH79: NA | BI79: NA | BJ79: NA | BK79: NA | BL79: NA | BM79: NA | BN79: NA | BO79: NA | BP79: NA | BQ79: NA | BR79: NA | BS79: NA | BT79: NA | BU79: NA | BV79: NA | BW79: NA | BX79: NA | BY79: NA | BZ79: NA | CA79: NA | CB79: NA | CC79: NA | CD79: NA | CE79: NA | CF79: NA | CG79: NA | CH79: NA | CI79: NA
A80: Carvedilol | B80: =VLOOKUP(A80,MOA!$C$2333:$D$3565,2,FALSE) -> Adrenergic receptor antagonist | C80: 1 | D80: 1 | E80: 1 | F80: NA | G80: NA | H80: NA | I80: NA | J80: NA | K80: NA | L80: NA | M80: NA | N80: NA | O80: NA | P80: NA | Q80: NA | R80: 0.45103011 | S80: NA | T80: NA | U80: NA | V80: NA | W80: NA | X80: NA | Y80: NA | Z80: NA | AA80: NA | AB80: NA | AC80: NA | AD80: NA | AE80: NA | AF80: NA | AG80: NA | AH80: NA | AI80: NA | AJ80: -0.73108063 | AK80: NA | AL80: NA | AM80: NA | AN80: NA | AO80: NA | AP80: NA | AQ80: NA | AR80: NA | AS80: NA | AT80: NA | AU80: NA | AV80: NA | AW80: NA | AX80: NA | AY80: NA | AZ80: NA | BA80: NA | BB80: NA | BC80: NA | BD80: NA | BE80: NA | BF80: NA | BG80: NA | BH80: NA | BI80: NA | BJ80: NA | BK80: NA | BL80: NA | BM80: NA | BN80: NA | BO80: NA | BP80: NA | BQ80: NA | BR80: NA | BS80: NA | BT80: NA | BU80: NA | BV80: NA | BW80: NA | BX80: NA | BY80: NA | BZ80: NA | CA80: NA | CB80: NA | CC80: NA | CD80: NA | CE80: NA | CF80: NA | CG80: NA | CH80: NA | CI80: NA
A81: Triacsin C | B81: =VLOOKUP(A81,MOA!$C$2333:$D$3565,2,FALSE) -> Adrenergic receptor antagonist | C81: 1 | D81: 4 | E81: 0.25 | F81: NA | G81: 0.53418938 | H81: NA | I81: -0.44829189 | J81: NA | K81: NA | L81: NA | M81: NA | N81: NA | O81: NA | P81: NA | Q81: NA | R81: -0.56409862 | S81: NA | T81: NA | U81: NA | V81: NA | W81: NA | X81: NA | Y81: NA | Z81: NA | AA81: NA | AB81: NA | AC81: -0.64525909 | AD81: NA | AE81: NA | AF81: NA | AG81: NA | AH81: NA | AI81: NA | AJ81: NA | AK81: NA | AL81: NA | AM81: NA | AN81: NA | AO81: NA | AP81: NA | AQ81: NA | AR81: NA | AS81: NA | AT81: NA | AU81: NA | AV81: NA | AW81: NA | AX81: NA | AY81: NA | AZ81: NA | BA81: NA | BB81: NA | BC81: NA | BD81: NA | BE81: NA | BF81: NA | BG81: NA | BH81: NA | BI81: NA | BJ81: NA | BK81: NA | BL81: NA | BM81: NA | BN81: NA | BO81: NA | BP81: NA | BQ81: NA | BR81: NA | BS81: NA | BT81: NA | BU81: NA | BV81: NA | BW81: NA | BX81: NA | BY81: NA | BZ81: NA | CA81: NA | CB81: NA | CC81: NA | CD81: NA | CE81: NA | CF81: NA | CG81: -0.3765244 | CH81: NA | CI81: NA
A82: Nafronyl | B82: =VLOOKUP(A82,MOA!$C$2333:$D$3565,2,FALSE) -> Adrenergic receptor antagonist | C82: 1 | D82: 2 | E82: 0.5 | F82: NA | G82: NA | H82: NA | I82: NA | J82: NA | K82: NA | L82: NA | M82: NA | N82: NA | O82: NA | P82: NA | Q82: NA | R82: -0.48456148 | S82: -0.62435719 | T82: NA | U82: NA | V82: NA | W82: NA | X82: NA | Y82: NA | Z82: NA | AA82: NA | AB82: 0.43681697 | AC82: NA | AD82: NA | AE82: NA | AF82: NA | AG82: NA | AH82: NA | AI82: NA | AJ82: NA | AK82: NA | AL82: NA | AM82: NA | AN82: NA | AO82: NA | AP82: NA | AQ82: NA | AR82: NA | AS82: NA | AT82: NA | AU82: NA | AV82: NA | AW82: NA | AX82: NA | AY82: NA | AZ82: NA | BA82: NA | BB82: NA | BC82: NA | BD82: NA | BE82: NA | BF82: NA | BG82: NA | BH82: NA | BI82: NA | BJ82: NA | BK82: NA | BL82: NA | BM82: NA | BN82: NA | BO82: NA | BP82: NA | BQ82: NA | BR82: NA | BS82: NA | BT82: NA | BU82: NA | BV82: NA | BW82: NA | BX82: NA | BY82: NA | BZ82: NA | CA82: NA | CB82: NA | CC82: NA | CD82: NA | CE82: NA | CF82: NA | CG82: NA | CH82: NA | CI82: NA
A83: Nicergoline | B83: =VLOOKUP(A83,MOA!$C$2333:$D$3565,2,FALSE) -> Adrenergic receptor antagonist | C83: 3 | D83: 2 | E83: 1.5 | F83: NA | G83: NA | H83: NA | I83: -0.50986873 | J83: NA | K83: NA | L83: NA | M83: NA | N83: NA | O83: NA | P83: NA | Q83: NA | R83: 0.37004086 | S83: 0.4140988 | T83: 0.50387005 | U83: NA | V83: NA | W83: NA | X83: NA | Y83: NA | Z83: NA | AA83: NA | AB83: -0.37145481 | AC83: NA | AD83: NA | AE83: NA | AF83: NA | AG83: NA | AH83: NA | AI83: NA | AJ83: NA | AK83: NA | AL83: NA | AM83: NA | AN83: NA | AO83: NA | AP83: NA | AQ83: NA | AR83: NA | AS83: NA | AT83: NA | AU83: NA | AV83: NA | AW83: NA | AX83: NA | AY83: NA | AZ83: NA | BA83: NA | BB83: NA | BC83: NA | BD83: NA | BE83: NA | BF83: NA | BG83: NA | BH83: NA | BI83: NA | BJ83: NA | BK83: NA | BL83: NA | BM83: NA | BN83: NA | BO83: NA | BP83: NA | BQ83: NA | BR83: NA | BS83: NA | BT83: NA | BU83: NA | BV83: NA | BW83: NA | BX83: NA | BY83: NA | BZ83: NA | CA83: NA | CB83: NA | CC83: NA | CD83: NA | CE83: NA | CF83: NA | CG83: NA | CH83: NA | CI83: NA
A84: Suloctidil | B84: =VLOOKUP(A84,MOA!$C$2333:$D$3565,2,FALSE) -> Adrenergic receptor antagonist | C84: 1 | D84: 3 | E84: 0.33333333 | F84: NA | G84: NA | H84: NA | I84: NA | J84: NA | K84: NA | L84: 0.42461268 | M84: -0.41456927 | N84: -0.38599226 | O84: NA | P84: NA | Q84: NA | R84: NA | S84: -0.48910904 | T84: NA | U84: NA | V84: NA | W84: NA | X84: NA | Y84: NA | Z84: NA | AA84: NA | AB84: NA | AC84: NA | AD84: NA | AE84: NA | AF84: NA | AG84: NA | AH84: NA | AI84: NA | AJ84: NA | AK84: NA | AL84: NA | AM84: NA | AN84: NA | AO84: NA | AP84: NA | AQ84: NA | AR84: NA | AS84: NA | AT84: NA | AU84: NA | AV84: NA | AW84: NA | AX84: NA | AY84: NA | AZ84: NA | BA84: NA | BB84: NA | BC84: NA | BD84: NA | BE84: NA | BF84: NA | BG84: NA | BH84: NA | BI84: NA | BJ84: NA | BK84: NA | BL84: NA | BM84: NA | BN84: NA | BO84: NA | BP84: NA | BQ84: NA | BR84: NA | BS84: NA | BT84: NA | BU84: NA | BV84: NA | BW84: NA | BX84: NA | BY84: NA | BZ84: NA | CA84: NA | CB84: NA | CC84: NA | CD84: NA | CE84: NA | CF84: NA | CG84: NA | CH84: NA | CI84: NA
A85: Bisoprolol | B85: =VLOOKUP(A85,MOA!$C$2333:$D$3565,2,FALSE) -> Adrenergic receptor antagonist | C85: 1 | D85: 2 | E85: 0.5 | F85: NA | G85: NA | H85: NA | I85: -0.38950354 | J85: NA | K85: NA | L85: NA | M85: NA | N85: NA | O85: NA | P85: NA | Q85: NA | R85: NA | S85: 0.45734379 | T85: NA | U85: NA | V85: NA | W85: NA | X85: NA | Y85: NA | Z85: NA | AA85: NA | AB85: NA | AC85: NA | AD85: NA | AE85: NA | AF85: NA | AG85: NA | AH85: NA | AI85: NA | AJ85: NA | AK85: NA | AL85: NA | AM85: NA | AN85: NA | AO85: NA | AP85: NA | AQ85: NA | AR85: NA | AS85: NA | AT85: NA | AU85: NA | AV85: NA | AW85: -0.45991893 | AX85: NA | AY85: NA | AZ85: NA | BA85: NA | BB85: NA | BC85: NA | BD85: NA | BE85: NA | BF85: NA | BG85: NA | BH85: NA | BI85: NA | BJ85: NA | BK85: NA | BL85: NA | BM85: NA | BN85: NA | BO85: NA | BP85: NA | BQ85: NA | BR85: NA | BS85: NA | BT85: NA | BU85: NA | BV85: NA | BW85: NA | BX85: NA | BY85: NA | BZ85: NA | CA85: NA | CB85: NA | CC85: NA | CD85: NA | CE85: NA | CF85: NA | CG85: NA | CH85: NA | CI85: NA
A86: Nadolol | B86: =VLOOKUP(A86,MOA!$C$2333:$D$3565,2,FALSE) -> Adrenergic receptor antagonist | C86: 1 | D86: 2 | E86: 0.5 | F86: NA | G86: NA | H86: NA | I86: -0.38615928 | J86: NA | K86: NA | L86: NA | M86: NA | N86: NA | O86: NA | P86: NA | Q86: NA | R86: NA | S86: 0.33318996 | T86: -0.44323692 | U86: NA | V86: NA | W86: NA | X86: NA | Y86: NA | Z86: NA | AA86: NA | AB86: NA | AC86: NA | AD86: NA | AE86: NA | AF86: NA | AG86: NA | AH86: NA | AI86: NA | AJ86: NA | AK86: NA | AL86: NA | AM86: NA | AN86: NA | AO86: NA | AP86: NA | AQ86: NA | AR86: NA | AS86: NA | AT86: NA | AU86: NA | AV86: NA | AW86: NA | AX86: NA | AY86: NA | AZ86: NA | BA86: NA | BB86: NA | BC86: NA | BD86: NA | BE86: NA | BF86: NA | BG86: NA | BH86: NA | BI86: NA | BJ86: NA | BK86: NA | BL86: NA | BM86: NA | BN86: NA | BO86: NA | BP86: NA | BQ86: NA | BR86: NA | BS86: NA | BT86: NA | BU86: NA | BV86: NA | BW86: NA | BX86: NA | BY86: NA | BZ86: NA | CA86: NA | CB86: NA | CC86: NA | CD86: NA | CE86: NA | CF86: NA | CG86: NA | CH86: NA | CI86: NA
A87: Metoprolol | B87: =VLOOKUP(A87,MOA!$C$2333:$D$3565,2,FALSE) -> Adrenergic receptor antagonist | C87: 1 | D87: 1 | E87: 1 | F87: NA | G87: NA | H87: NA | I87: -0.44140032 | J87: NA | K87: NA | L87: NA | M87: NA | N87: NA | O87: NA | P87: NA | Q87: NA | R87: NA | S87: NA | T87: NA | U87: NA | V87: NA | W87: NA | X87: NA | Y87: NA | Z87: NA | AA87: NA | AB87: NA | AC87: 0.3992775 | AD87: NA | AE87: NA | AF87: NA | AG87: NA | AH87: NA | AI87: NA | AJ87: NA | AK87: NA | AL87: NA | AM87: NA | AN87: NA | AO87: NA | AP87: NA | AQ87: NA | AR87: NA | AS87: NA | AT87: NA | AU87: NA | AV87: NA | AW87: NA | AX87: NA | AY87: NA | AZ87: NA | BA87: NA | BB87: NA | BC87: NA | BD87: NA | BE87: NA | BF87: NA | BG87: NA | BH87: NA | BI87: NA | BJ87: NA | BK87: NA | BL87: NA | BM87: NA | BN87: NA | BO87: NA | BP87: NA | BQ87: NA | BR87: NA | BS87: NA | BT87: NA | BU87: NA | BV87: NA | BW87: NA | BX87: NA | BY87: NA | BZ87: NA | CA87: NA | CB87: NA | CC87: NA | CD87: NA | CE87: NA | CF87: NA | CG87: NA | CH87: NA | CI87: NA
A88: Urapidil | B88: =VLOOKUP(A88,MOA!$C$2333:$D$3565,2,FALSE) -> Adrenergic receptor antagonist | C88: 1 | D88: 1 | E88: 1 | F88: NA | G88: NA | H88: NA | I88: NA | J88: NA | K88: NA | L88: NA | M88: NA | N88: NA | O88: NA | P88: NA | Q88: NA | R88: NA | S88: 0.36567292 | T88: NA | U88: NA | V88: NA | W88: NA | X88: NA | Y88: NA | Z88: NA | AA88: NA | AB88: NA | AC88: NA | AD88: NA | AE88: NA | AF88: NA | AG88: NA | AH88: NA | AI88: NA | AJ88: NA | AK88: NA | AL88: NA | AM88: NA | AN88: NA | AO88: NA | AP88: NA | AQ88: NA | AR88: NA | AS88: NA | AT88: NA | AU88: NA | AV88: NA | AW88: NA | AX88: NA | AY88: NA | AZ88: NA | BA88: NA | BB88: NA | BC88: NA | BD88: NA | BE88: NA | BF88: NA | BG88: NA | BH88: -0.4016707 | BI88: NA | BJ88: NA | BK88: NA | BL88: NA | BM88: NA | BN88: NA | BO88: NA | BP88: NA | BQ88: NA | BR88: NA | BS88: NA | BT88: NA | BU88: NA | BV88: NA | BW88: NA | BX88: NA | BY88: NA | BZ88: NA | CA88: NA | CB88: NA | CC88: NA | CD88: NA | CE88: NA | CF88: NA | CG88: NA | CH88: NA | CI88: NA
A89: Alprenolol | B89: =VLOOKUP(A89,MOA!$C$2333:$D$3565,2,FALSE) -> Adrenergic receptor antagonist | C89: 1 | D89: 1 | E89: 1 | F89: NA | G89: NA | H89: NA | I89: -0.38176536 | J89: NA | K89: NA | L89: NA | M89: NA | N89: NA | O89: NA | P89: NA | Q89: NA | R89: NA | S89: NA | T89: NA | U89: NA | V89: NA | W89: NA | X89: NA | Y89: NA | Z89: NA | AA89: NA | AB89: NA | AC89: NA | AD89: NA | AE89: NA | AF89: NA | AG89: NA | AH89: NA | AI89: NA | AJ89: NA | AK89: NA | AL89: NA | AM89: NA | AN89: NA | AO89: NA | AP89: NA | AQ89: NA | AR89: NA | AS89: NA | AT89: NA | AU89: NA | AV89: NA | AW89: NA | AX89: NA | AY89: NA | AZ89: NA | BA89: NA | BB89: NA | BC89: NA | BD89: NA | BE89: NA | BF89: NA | BG89: NA | BH89: NA | BI89: NA | BJ89: NA | BK89: NA | BL89: 0.34822511 | BM89: NA | BN89: NA | BO89: NA | BP89: NA | BQ89: NA | BR89: NA | BS89: NA | BT89: NA | BU89: NA | BV89: NA | BW89: NA | BX89: NA | BY89: NA | BZ89: NA | CA89: NA | CB89: NA | CC89: NA | CD89: NA | CE89: NA | CF89: NA | CG89: NA | CH89: NA | CI89: NA
A90: Practolol | B90: =VLOOKUP(A90,MOA!$C$2333:$D$3565,2,FALSE) -> Adrenergic receptor antagonist | C90: 1 | D90: 1 | E90: 1 | F90: NA | G90: NA | H90: NA | I90: NA | J90: NA | K90: NA | L90: -0.37894422 | M90: NA | N90: NA | O90: NA | P90: NA | Q90: NA | R90: NA | S90: NA | T90: NA | U90: NA | V90: NA | W90: NA | X90: NA | Y90: NA | Z90: NA | AA90: NA | AB90: NA | AC90: 0.38558731 | AD90: NA | AE90: NA | AF90: NA | AG90: NA | AH90: NA | AI90: NA | AJ90: NA | AK90: NA | AL90: NA | AM90: NA | AN90: NA | AO90: NA | AP90: NA | AQ90: NA | AR90: NA | AS90: NA | AT90: NA | AU90: NA | AV90: NA | AW90: NA | AX90: NA | AY90: NA | AZ90: NA | BA90: NA | BB90: NA | BC90: NA | BD90: NA | BE90: NA | BF90: NA | BG90: NA | BH90: NA | BI90: NA | BJ90: NA | BK90: NA | BL90: NA | BM90: NA | BN90: NA | BO90: NA | BP90: NA | BQ90: NA | BR90: NA | BS90: NA | BT90: NA | BU90: NA | BV90: NA | BW90: NA | BX90: NA | BY90: NA | BZ90: NA | CA90: NA | CB90: NA | CC90: NA | CD90: NA | CE90: NA | CF90: NA | CG90: NA | CH90: NA | CI90: NA
A91: Imiloxan | B91: =VLOOKUP(A91,MOA!$C$2333:$D$3565,2,FALSE) -> Adrenergic receptor antagonist | C91: 2 | D91: 0 | E91: Inf | F91: NA | G91: NA | H91: NA | I91: NA | J91: NA | K91: NA | L91: NA | M91: NA | N91: NA | O91: NA | P91: NA | Q91: NA | R91: NA | S91: 0.40852798 | T91: NA | U91: NA | V91: NA | W91: NA | X91: NA | Y91: NA | Z91: NA | AA91: NA | AB91: NA | AC91: 0.43179179 | AD91: NA | AE91: NA | AF91: NA | AG91: NA | AH91: NA | AI91: NA | AJ91: NA | AK91: NA | AL91: NA | AM91: NA | AN91: NA | AO91: NA | AP91: NA | AQ91: NA | AR91: NA | AS91: NA | AT91: NA | AU91: NA | AV91: NA | AW91: NA | AX91: NA | AY91: NA | AZ91: NA | BA91: NA | BB91: NA | BC91: NA | BD91: NA | BE91: NA | BF91: NA | BG91: NA | BH91: NA | BI91: NA | BJ91: NA | BK91: NA | BL91: NA | BM91: NA | BN91: NA | BO91: NA | BP91: NA | BQ91: NA | BR91: NA | BS91: NA | BT91: NA | BU91: NA | BV91: NA | BW91: NA | BX91: NA | BY91: NA | BZ91: NA | CA91: NA | CB91: NA | CC91: NA | CD91: NA | CE91: NA | CF91: NA | CG91: NA | CH91: NA | CI91: NA
